Workbook

Sheet All_India_Index_Upto_April23 (1
A1: Sector | B1: Year | C1: Month | D1: Cereals and products | E1: Meat and fish | F1: Egg | G1: Milk and products | H1: Oils and fats | I1: Fruits | J1: Vegetables | K1: Pulses and products | L1: Sugar and Confectionery | M1: Spices | N1: Non-alcoholic beverages | O1: Prepared meals, snacks, sweets etc. | P1: Food and beverages | Q1: Pan, tobacco and intoxicants | R1: Clothing | S1: Footwear | T1: Clothing and footwear | U1: Housing | V1: Fuel and light | W1: Household goods and services | X1: Health | Y1: Transport and communication | Z1: Recreation and amusement | AA1: Education | AB1: Personal care and effects | AC1: Miscellaneous | AD1: General index
A2: Rural | B2: 2013 | C2: January | D2: 107.5 | E2: 106.3 | F2: 108.1 | G2: 104.9 | H2: 106.1 | I2: 103.9 | J2: 101.9 | K2: 106.1 | L2: 106.8 | M2: 103.1 | N2: 104.8 | O2: 106.7 | P2: 105.5 | Q2: 105.1 | R2: 106.5 | S2: 105.8 | T2: 106.4 | U2: NA | V2: 105.5 | W2: 104.8 | X2: 104 | Y2: 103.3 | Z2: 103.4 | AA2: 103.8 | AB2: 104.7 | AC2: 104 | AD2: 105.1
A3: Urban | B3: 2013 | C3: January | D3: 110.5 | E3: 109.1 | F3: 113 | G3: 103.6 | H3: 103.4 | I3: 102.3 | J3: 102.9 | K3: 105.8 | L3: 105.1 | M3: 101.8 | N3: 105.1 | O3: 107.9 | P3: 105.9 | Q3: 105.2 | R3: 105.9 | S3: 105 | T3: 105.8 | U3: 100.3 | V3: 105.4 | W3: 104.8 | X3: 104.1 | Y3: 103.2 | Z3: 102.9 | AA3: 103.5 | AB3: 104.3 | AC3: 103.7 | AD3: 104
A4: Rural+Urban | B4: 2013 | C4: January | D4: 108.4 | E4: 107.3 | F4: 110 | G4: 104.4 | H4: 105.1 | I4: 103.2 | J4: 102.2 | K4: 106 | L4: 106.2 | M4: 102.7 | N4: 104.9 | O4: 107.3 | P4: 105.6 | Q4: 105.1 | R4: 106.3 | S4: 105.5 | T4: 106.2 | U4: 100.3 | V4: 105.5 | W4: 104.8 | X4: 104 | Y4: 103.2 | Z4: 103.1 | AA4: 103.6 | AB4: 104.5 | AC4: 103.9 | AD4: 104.6
A5: Rural | B5: 2013 | C5: February | D5: 109.2 | E5: 108.7 | F5: 110.2 | G5: 105.4 | H5: 106.7 | I5: 104 | J5: 102.4 | K5: 105.9 | L5: 105.7 | M5: 103.1 | N5: 105.1 | O5: 107.7 | P5: 106.3 | Q5: 105.6 | R5: 107.1 | S5: 106.3 | T5: 107 | U5: NA | V5: 106.2 | W5: 105.2 | X5: 104.4 | Y5: 103.9 | Z5: 104 | AA5: 104.1 | AB5: 104.6 | AC5: 104.4 | AD5: 105.8
A6: Urban | B6: 2013 | C6: February | D6: 112.9 | E6: 112.9 | F6: 116.9 | G6: 104 | H6: 103.5 | I6: 103.1 | J6: 104.9 | K6: 104.1 | L6: 103.8 | M6: 102.3 | N6: 106 | O6: 109 | P6: 107.2 | Q6: 106 | R6: 106.6 | S6: 105.5 | T6: 106.4 | U6: 100.4 | V6: 105.7 | W6: 105.2 | X6: 104.7 | Y6: 104.4 | Z6: 103.3 | AA6: 103.7 | AB6: 104.3 | AC6: 104.3 | AD6: 104.7
A7: Rural+Urban | B7: 2013 | C7: February | D7: 110.4 | E7: 110.2 | F7: 112.8 | G7: 104.9 | H7: 105.5 | I7: 103.6 | J7: 103.2 | K7: 105.3 | L7: 105.1 | M7: 102.8 | N7: 105.5 | O7: 108.3 | P7: 106.6 | Q7: 105.7 | R7: 106.9 | S7: 106 | T7: 106.8 | U7: 100.4 | V7: 106 | W7: 105.2 | X7: 104.5 | Y7: 104.2 | Z7: 103.6 | AA7: 103.9 | AB7: 104.5 | AC7: 104.4 | AD7: 105.3
A8: Rural | B8: 2013 | C8: March | D8: 110.2 | E8: 108.8 | F8: 109.9 | G8: 105.6 | H8: 106.2 | I8: 105.7 | J8: 101.4 | K8: 105.7 | L8: 105 | M8: 103.3 | N8: 105.6 | O8: 108.2 | P8: 106.6 | Q8: 106.5 | R8: 107.6 | S8: 106.8 | T8: 107.5 | U8: NA | V8: 106.1 | W8: 105.6 | X8: 104.7 | Y8: 104.6 | Z8: 104 | AA8: 104.3 | AB8: 104.3 | AC8: 104.6 | AD8: 106
A9: Urban | B9: 2013 | C9: March | D9: 113.9 | E9: 111.4 | F9: 113.2 | G9: 104.3 | H9: 102.7 | I9: 104.9 | J9: 103.8 | K9: 103.5 | L9: 102.6 | M9: 102.4 | N9: 107 | O9: 109.8 | P9: 107.3 | Q9: 106.8 | R9: 107.2 | S9: 106 | T9: 107 | U9: 100.4 | V9: 106 | W9: 105.7 | X9: 105.2 | Y9: 105.5 | Z9: 103.5 | AA9: 103.8 | AB9: 104.2 | AC9: 104.9 | AD9: 105
A10: Rural+Urban | B10: 2013 | C10: March | D10: 111.4 | E10: 109.7 | F10: 111.2 | G10: 105.1 | H10: 104.9 | I10: 105.3 | J10: 102.2 | K10: 105 | L10: 104.2 | M10: 103 | N10: 106.2 | O10: 108.9 | P10: 106.9 | Q10: 106.6 | R10: 107.4 | S10: 106.5 | T10: 107.3 | U10: 100.4 | V10: 106.1 | W10: 105.6 | X10: 104.9 | Y10: 105.1 | Z10: 103.7 | AA10: 104 | AB10: 104.3 | AC10: 104.7 | AD10: 105.5
A11: Rural | B11: 2013 | C11: April | D11: 110.2 | E11: 109.5 | F11: 106.9 | G11: 106.3 | H11: 105.7 | I11: 108.3 | J11: 103.4 | K11: 105.7 | L11: 104.2 | M11: 103.2 | N11: 106.5 | O11: 108.8 | P11: 107.1 | Q11: 107.1 | R11: 108.1 | S11: 107.4 | T11: 108 | U11: NA | V11: 106.5 | W11: 106.1 | X11: 105.1 | Y11: 104.4 | Z11: 104.5 | AA11: 104.8 | AB11: 102.7 | AC11: 104.6 | AD11: 106.4
A12: Urban | B12: 2013 | C12: April | D12: 114.6 | E12: 113.4 | F12: 106 | G12: 104.7 | H12: 102.1 | I12: 109.5 | J12: 109.7 | K12: 104.6 | L12: 102 | M12: 103.5 | N12: 108.2 | O12: 110.6 | P12: 108.8 | Q12: 108.5 | R12: 107.9 | S12: 106.4 | T12: 107.7 | U12: 100.5 | V12: 106.4 | W12: 106.5 | X12: 105.7 | Y12: 105 | Z12: 104 | AA12: 105.2 | AB12: 103.2 | AC12: 105.1 | AD12: 105.7
A13: Rural+Urban | B13: 2013 | C13: April | D13: 111.6 | E13: 110.9 | F13: 106.6 | G13: 105.7 | H13: 104.4 | I13: 108.9 | J13: 105.5 | K13: 105.3 | L13: 103.5 | M13: 103.3 | N13: 107.2 | O13: 109.6 | P13: 107.7 | Q13: 107.5 | R13: 108 | S13: 107 | T13: 107.9 | U13: 100.5 | V13: 106.5 | W13: 106.3 | X13: 105.3 | Y13: 104.7 | Z13: 104.2 | AA13: 105 | AB13: 102.9 | AC13: 104.8 | AD13: 106.1
... A259: Rural+Urban | B259: 2020 | C259: March | D259: 145.1 | E259: 167 | F259: 148.1 | G259: 151.5 | H259: 131.2 | I259: 142.5 | J259: 157.3 | K259: 141.1 | L259: 113.2 | M259: 153.2 | N259: 136.7 | O259: 159.6 | P259: 148.9 | Q259: 171.2 | R259: 151.2 | S259: 141.9 | T259: 149.8 | U259: 154.5 | V259: 148.9 | W259: 146.4 | X259: 152.3 | Y259: 129.9 | Z259: 143.7 | AA259: 156.1 | AB259: 145.2 | AC259: 143.8 | AD259: 148.6
A260: Rural | B260: 2020 | C260: April | D260: 147.2 | F260: 146.9 | G260: 155.6 | H260: 137.1 | I260: 147.3 | J260: 162.7 | K260: 150.2 | L260: 119.8 | M260: 158.7 | N260: 139.2 | P260: 150.1 | U260: NA | V260: 148.4 | X260: 154.3
A261: Urban | B261: 2020 | C261: April | D261: 151.8 | F261: 151.9 | G261: 155.5 | H261: 131.6 | I261: 152.9 | J261: 180 | K261: 150.8 | L261: 121.2 | M261: 154 | N261: 133.5 | P261: 153.5 | U261: 155.6 | V261: 137.1 | X261: 144.8
A262: Rural+Urban | B262: 2020 | C262: April | D262: 148.7 | F262: 148.8 | G262: 155.6 | H262: 135.1 | I262: 149.9 | J262: 168.6 | K262: 150.4 | L262: 120.3 | M262: 157.1 | N262: 136.8 | P262: 151.4 | U262: 155.6 | V262: 144.1 | X262: 150.7
A263: Rural | B263: 2020 | C263: May | U263: NA
A264: Urban | B264: 2020 | C264: May | U264: NA
A265: Rural+Urban | B265: 2020 | C265: May | U265: NA
A266: Rural | B266: 2020 | C266: June | D266: 148.2 | E266: 190.3 | F266: 149.4 | G266: 153.3 | H266: 138.2 | I266: 143.2 | J266: 148.9 | K266: 150.3 | L266: 113.2 | M266: 159.8 | N266: 142.1 | O266: 161.8 | P266: 152.3 | Q266: 182.4 | R266: 154.7 | S266: 150 | T266: 154.1 | U266: NA | V266: 144.9 | W266: 151.7 | X266: 158.2 | Y266: 141.4 | Z266: 153.2 | AA266: 161.8 | AB266: 151.2 | AC266: 151.7 | AD266: 152.7
A267: Urban | B267: 2020 | C267: June | D267: 152.7 | E267: 197 | F267: 154.6 | G267: 153.4 | H267: 132.9 | I267: 151.8 | J267: 171.2 | K267: 152 | L267: 116.3 | M267: 158.8 | N267: 135.6 | O267: 161.7 | P267: 157 | Q267: 186.7 | R267: 149.1 | S267: 136.6 | T267: 147.2 | U267: 154.7 | V267: 137.1 | W267: 140.4 | X267: 148.1 | Y267: 129.3 | Z267: 144.5 | AA267: 152.5 | AB267: 152.2 | AC267: 142 | AD267: 150.8
A268: Rural+Urban | B268: 2020 | C268: June | D268: 149.6 | E268: 192.7 | F268: 151.4 | G268: 153.3 | H268: 136.3 | I268: 147.2 | J268: 156.5 | K268: 150.9 | L268: 114.2 | M268: 159.5 | N268: 139.4 | O268: 161.8 | P268: 154 | Q268: 183.5 | R268: 152.5 | S268: 144.4 | T268: 151.4 | U268: 154.7 | V268: 141.9 | W268: 146.4 | X268: 154.4 | Y268: 135 | Z268: 148.3 | AA268: 156.4 | AB268: 151.6 | AC268: 147 | AD268: 151.8
A269: Rural | B269: 2020 | C269: July | D269: 148.2 | E269: 190.3 | F269: 149.4 | G269: 153.3 | H269: 138.2 | I269: 143.2 | J269: 148.9 | K269: 150.3 | L269: 113.2 | M269: 159.8 | N269: 142.1 | O269: 161.8 | P269: 152.3 | Q269: 182.4 | R269: 154.7 | S269: 150 | T269: 154.1 | U269: NA | V269: 144.9 | W269: 151.7 | X269: 158.2 | Y269: 141.4 | Z269: 153.2 | AA269: 161.8 | AB269: 151.2 | AC269: 151.7 | AD269: 152.7
A270: Urban | B270: 2020 | C270: July | D270: 152.7 | E270: 197 | F270: 154.6 | G270: 153.4 | H270: 132.9 | I270: 151.8 | J270: 171.2 | K270: 152 | L270: 116.3 | M270: 158.8 | N270: 135.6 | O270: 161.7 | P270: 157 | Q270: 186.7 | R270: 149.1 | S270: 136.6 | T270: 147.2 | U270: 154.7 | V270: 137.1 | W270: 140.4 | X270: 148.1 | Y270: 129.3 | Z270: 144.5 | AA270: 152.5 | AB270: 152.2 | AC270: 142 | AD270: 150.8
A271: Rural+Urban | B271: 2020 | C271: July | D271: 149.6 | E271: 192.7 | F271: 151.4 | G271: 153.3 | H271: 136.3 | I271: 147.2 | J271: 156.5 | K271: 150.9 | L271: 114.2 | M271: 159.5 | N271: 139.4 | O271: 161.8 | P271: 154 | Q271: 183.5 | R271: 152.5 | S271: 144.4 | T271: 151.4 | U271: 154.7 | V271: 141.9 | W271: 146.4 | X271: 154.4 | Y271: 135 | Z271: 148.3 | AA271: 156.4 | AB271: 151.6 | AC271: 147 | AD271: 151.8
A272: Rural | B272: 2020 | C272: August | D272: 147.6 | E272: 187.2 | F272: 148.4 | G272: 153.3 | H272: 139.8 | I272: 146.9 | J272: 171 | K272: 149.9 | L272: 114.2 | M272: 160 | N272: 143.5 | O272: 161.5 | P272: 155.3 | Q272: 180.9 | R272: 155.1 | S272: 149.3 | T272: 154.3 | U272: NA | V272: 145.8 | W272: 151.9 | X272: 158.8 | Y272: 143.6 | Z272: 152.2 | AA272: 162.7 | AB272: 153.6 | AC272: 153 | AD272: 154.7
A273: Urban | B273: 2020 | C273: August | D273: 151.6 | E273: 197.8 | F273: 154.5 | G273: 153.4 | H273: 133.4 | I273: 154.5 | J273: 191.9 | K273: 151.3 | L273: 116.8 | M273: 160 | N273: 136.5 | O273: 163.3 | P273: 159.9 | Q273: 187.2 | R273: 150 | S273: 135.2 | T273: 147.8 | U273: 155.5 | V273: 138.3 | W273: 144.5 | X273: 148.7 | Y273: 133.9 | Z273: 141.2 | AA273: 155.5 | AB273: 155.2 | AC273: 144.8 | AD273: 152.9
A274: Rural+Urban | B274: 2020 | C274: August | D274: 148.9 | E274: 190.9 | F274: 150.8 | G274: 153.3 | H274: 137.4 | I274: 150.4 | J274: 178.1 | K274: 150.4 | L274: 115.1 | M274: 160 | N274: 140.6 | O274: 162.3 | P274: 157 | Q274: 182.6 | R274: 153.1 | S274: 143.4 | T274: 151.7 | U274: 155.5 | V274: 143 | W274: 148.4 | X274: 155 | Y274: 138.5 | Z274: 146 | AA274: 158.5 | AB274: 154.3 | AC274: 149 | AD274: 153.9
A275: Rural | B275: 2020 | C275: September | D275: 146.9 | E275: 183.9 | F275: 149.5 | G275: 153.4 | H275: 140.4 | I275: 147 | J275: 178.8 | K275: 149.3 | L275: 115.1 | M275: 160 | N275: 145.4 | O275: 161.6 | P275: 156.1 | Q275: 182.9 | R275: 155.4 | S275: 149.9 | T275: 154.6 | U275: NA | V275: 146.4 | W275: 151.6 | X275: 159.1 | Y275: 144.6 | Z275: 152.8 | AA275: 161.1 | AB275: 157.4 | AC275: 153.7 | AD275: 155.4
A276: Urban | B276: 2020 | C276: September | D276: 151.5 | E276: 193.1 | F276: 157.3 | G276: 153.9 | H276: 134.4 | I276: 155.4 | J276: 202 | K276: 150.8 | L276: 118.9 | M276: 160.9 | N276: 137.7 | O276: 164.4 | P276: 161.3 | Q276: 188.7 | R276: 150.2 | S276: 136.3 | T276: 148.1 | U276: 156.3 | V276: 137.2 | W276: 145.4 | X276: 150 | Y276: 135.1 | Z276: 141.8 | AA276: 154.9 | AB276: 159.8 | AC276: 146 | AD276: 154
A277: Rural+Urban | B277: 2020 | C277: September | D277: 148.4 | E277: 187.1 | F277: 152.5 | G277: 153.6 | H277: 138.2 | I277: 150.9 | J277: 186.7 | K277: 149.8 | L277: 116.4 | M277: 160.3 | N277: 142.2 | O277: 162.9 | P277: 158 | Q277: 184.4 | R277: 153.4 | S277: 144.3 | T277: 152 | U277: 156.3 | V277: 142.9 | W277: 148.7 | X277: 155.6 | Y277: 139.6 | Z277: 146.6 | AA277: 157.5 | AB277: 158.4 | AC277: 150 | AD277: 154.7
... A373: Rural+Urban | B373: 2023 | C373: May | D373: 173.7 | E373: 214.3 | F373: 173.2 | G373: 179.5 | H373: 170 | I373: 172.2 | J373: 161 | K373: 175.6 | L373: 122.7 | M373: 218 | N373: 173.4 | O373: 194.2 | P373: 179.1 | Q373: 201 | R373: 187.3 | S373: 179.7 | T373: 186.2 | U373: 175.6 | V373: 182.8 | W373: 175.2 | X373: 185.7 | Y373: 164.8 | Z373: 171.2 | AA373: 177.1 | AB373: 185.2 | AC373: 175.7 | AD373: 179.1

Sheet Que2 Insights
D3: Y-o-Y Analysis for Inflamation in the Categories starting from Year 2017
C28: Insights | P28: Insights
C29: Year 2020 and Year 2021 has highest inflamation | P29: Year 2022 has the highest inflamation
C30: We can see there is a steady rise in inflamation in the year 2019 | P30: There is a big spike in inflamation in the year 2021
C31: In 2022 inflamation starts to decline
B55: Insights | P55: Insights
B56: Year 2020 and Year 2021 has spike due to Covid-19 period | P56: Year 2021 has the highest inflamation rate
B57: Year 2021 has the highest inflamation in Healthcare | P57: From year 2022 there is a decrease in inflamation
B82: Insights
B83: Year 2022 has the highest inflamation rate
B84: From late Year 2019 there is a steady increase in inflamation
B85: Year 2023 there is a steady decline in inflamation

Sheet Que 4 Insights M-o-M
D2: Insights for M-o-M Analysis for Inflamation due to Covid-19 on various categories
C26: Insights | P26: Insights
C27: The Year 2020 has high Inflamation as it is Covid-19 period. It may be due to panic buying, Supply chain disruptions. | P27: In the Year 2020 early there was a dip in Essential services due to Lockdown affecting Travel and education sectors largely.
C28: The period from 2017 to 2020 early is considered as Pre-covid inflamation is stable. | P28: Year 2021 has highest Inflamation it can be seen due to reopening after Lockdown Period and increase in demands and services.
C29: The period from Year 2021 to 2023 can be considered Post-Covid the inflamation is stable as there are normal spike. | P29: The Post-Covid period we can see the essential services demand has returned to stable nut the prices are high as compared to Pre-Covid period.
C30: The supply chain was largely affected during covid period due to demand
C57: Insights | P57: Insights
C58: Healthcare has highest inflamation in the year 2020 due to Covid-19. | P58: Year 2020 has the highest Inflamation due to Covid-19. As in general the demands were high for all categories.
C59: In Pre-covid there was a spike in the year 2018. | P59: Post-Covid there are spikes due to economics recovery and the rise in cost in all sectors.
C60: The inflamation was stable in Post-Covid but high as compared to Pre-Covid

Sheet Que 4 Y-o-Y Insights
C3: Y-o-Y Analysis for Covid-19 Inflamation on various categories
P27: Insights
B28: Insights | P28: Year 2022 has the highest inflamation due to Covid.
B29: Pre-Covid from year 2017 to early 2029 the food prices were stable due to stable market condition and balanced supply chain. | P29: Pre-Covid the inflamation was steady as the supply chain was stable.
B30: Covid preiod from early 2020 to 2021 the prices were high due to panic buying, transport restrictions which affected supply chain. | P30: During Post-Covid Period the prices went up due to increased demands,recovery of ecomonics activities.
B31: From Year 2022 to 2023 it can be depicted market is stable due to recovery of supply chain, Increased food production. | P31: But it can also be seen that from the end of year 2022 the inflamation starts to drop.
B32: Highest Inflamation can be seen in the year 2020.
B57: Insights | P57: Insights
B58: Year 2021 can be seen as highest inflamation in helathcare. | P58: Pre-Covid inflamation can be seen stable due to stable demand and economic conditions.
B59: Spike in inflamation can be seen during Covid period from year 2020 due to increase in medical demand during Covid. | P59: Year 2020 can be considered Covid period and has spike in inflamtion due to covid restictions and disruptions in supply chain.
B60: Healthcare inflamation has remained high from the covid period. | P60: Highest inflamation can be seen in the year 2021 during covid-19 period.
P61: Year 2023 inflamation can be seen as declining

Sheet Que5 Insight MOM
F2: Insight for Month-On-Month Analysis for Crude Oil
C24: Insights
C25: Year 2021 has the highest Inflamation in the food sector. | P25: Insights
C26: Year 2022 has stable inflamation but the prices trend increase in 2023. | P26: Highest Inflamation Occurs in the year 2022 due to Covid-19 due to major global market disruptions.
P27: Year 2021 can be observed as the prices are not stable.
P28: Year 2023 can be observed as low inflamtion and the inflamation is stable.
C54: Insights | P54: Insights
C55: Highest Inflamation occurred in the year 2022 in the transportation and communication sector. | P55: In General CPI highest inflamation occurs in the year 2021.
C56: Whereas the year mid 2022 to 2023 shows stable and low inflamation in the transport and communication sector. | P56: The inflamation is fluctuating in the year 2021 but stable in 2022 as compared to 2021.
P57: Year 2023 has low and stable inflamation as compared to years 2021 and 2022.
C83: Insights
C84: Highest Inflamation in Crude Oil occrus in Year 2022.
C85: Overall crude oil inflamation is very volatile
C111: Insights | Q111: Insights
C112: Crude Oil Prices are more volatile as compared to Fule and Light Prices. | Q112: Crude Oil is very volatile ans Transport and communication is stable as compared to it.
C113: Changes in Crude Oil partially affect the inflamation of the Fuel and Light. | Q113: Crude Oil partially Influence the transport and communication cost.

Sheet Que 5 Insight YOY
G2: Insights for Year-On-Year Analysis for Crude Oil
B23: Insights | O23: Insights
B24: Highest Inflamation in Food and beverages occurred in the year 2021. | O24: Highest Inflamation occurs in the year 2021 in the Fuel and Light sector.
B25: The food inflamation significantly drop towards the end of 2021 and the inflamation is stable. | O25: The Prices of Fuel and Light are relatively high in 2022 but are stable as there are not much fluctuations in prices.
O26: Year 2023 the inflamation decreases.
B53: Insights | O53: Insights
B54: Highest Inflamation in Transport and communication can be seen in the Year 2021 and in the month of May. | O54: Highest Inflamation For General CPI occurs in the year 2022 for the month of April.
B55: The inflamation gradually starts declining after 2021. | O55: Inflamation for the Year 2022 is highas compared to 2021.
B56: Lowest inflamation can be seen in year 2023. | O56: Inflamation gradually is declining for the year 2023.
B82: Insights | O82: Insights
B83: Crude Oil has the highest inflamation in the year 2021 in the month of April. | O83: The Crude Oil inflamation is very Volatile as compared to the General CPI.
B84: From the late 2021 the inflamation is steadily declining. | O84: Large spikes in the Crude oil may partially influence the General CPI as it consists of multiple categories.
B112: Insights | O112: Insights
B113: Fuel and Light Inflamation is comparatively stable as compared to the Crude Oil inflamation. | O113: Inflamation for the Crude oil is very volatile as compared to the Transport and communication prices.
B114: Changes in Crude Oil affect the Fuel and Light category but has a small impact. | O114: Changes in the Crude Oil may affect the transportation cost.

Sheet Clean
A1: Sector | B1: Year | C1: Month | D1: Index | E1: Sector and Year | F1: Housing Clean | G1: Cereals and products | H1: Meat and fish | I1: Egg | J1: Milk and products | K1: Oils and fats | L1: Fruits | M1: Vegetables | N1: Pulses and products | O1: Sugar and Confectionery | P1: Spices | Q1: Non-alcoholic beverages | R1: Prepared meals, snacks, sweets etc. | S1: Food and beverages | T1: Pan, tobacco and intoxicants | U1: Clothing | V1: Footwear | W1: Clothing and footwear | X1: Housing | Y1: Fuel and light | Z1: Household goods and services | AA1: Health | AB1: Transport and communication | AC1: Recreation and amusement | AD1: Education | AE1: Personal care and effects | AF1: Miscellaneous | AG1: General index
A2: Rural | B2: 2013 | C2: January | D2: =VLOOKUP(All_India_Index_Upto_April23__1___13[[#This Row],[Month]],Lookups!$E$1:$F$13,2,0) -> 1 | E2: Rural 2013 January | F2: 100.3 | G2: 107.5 | H2: 106.3 | I2: 108.1 | J2: 104.9 | K2: 106.1 | L2: 103.9 | M2: 101.9 | N2: 106.1 | O2: 106.8 | P2: 103.1 | Q2: 104.8 | R2: 106.7 | S2: 105.5 | T2: 105.1 | U2: 106.5 | V2: 105.8 | W2: 106.4 | X2: NA | Y2: 105.5 | Z2: 104.8 | AA2: 104 | AB2: 103.3 | AC2: 103.4 | AD2: 103.8 | AE2: 104.7 | AF2: 104 | AG2: 105.1
A3: Urban | B3: 2013 | C3: January | D3: =VLOOKUP(All_India_Index_Upto_April23__1___13[[#This Row],[Month]],Lookups!$E$1:$F$13,2,0) -> 1 | E3: Urban 2013 January | F3: 100.3 | G3: 110.5 | H3: 109.1 | I3: 113 | J3: 103.6 | K3: 103.4 | L3: 102.3 | M3: 102.9 | N3: 105.8 | O3: 105.1 | P3: 101.8 | Q3: 105.1 | R3: 107.9 | S3: 105.9 | T3: 105.2 | U3: 105.9 | V3: 105 | W3: 105.8 | X3: 100.3 | Y3: 105.4 | Z3: 104.8 | AA3: 104.1 | AB3: 103.2 | AC3: 102.9 | AD3: 103.5 | AE3: 104.3 | AF3: 103.7 | AG3: 104
A4: Rural+Urban | B4: 2013 | C4: January | D4: =VLOOKUP(All_India_Index_Upto_April23__1___13[[#This Row],[Month]],Lookups!$E$1:$F$13,2,0) -> 1 | E4: Rural+Urban 2013 January | F4: 100.3 | G4: 108.4 | H4: 107.3 | I4: 110 | J4: 104.4 | K4: 105.1 | L4: 103.2 | M4: 102.2 | N4: 106 | O4: 106.2 | P4: 102.7 | Q4: 104.9 | R4: 107.3 | S4: 105.6 | T4: 105.1 | U4: 106.3 | V4: 105.5 | W4: 106.2 | X4: 100.3 | Y4: 105.5 | Z4: 104.8 | AA4: 104 | AB4: 103.2 | AC4: 103.1 | AD4: 103.6 | AE4: 104.5 | AF4: 103.9 | AG4: 104.6
A5: Rural | B5: 2013 | C5: February | D5: =VLOOKUP(All_India_Index_Upto_April23__1___13[[#This Row],[Month]],Lookups!$E$1:$F$13,2,0) -> 2 | E5: Rural 2013 February | F5: 100.4 | G5: 109.2 | H5: 108.7 | I5: 110.2 | J5: 105.4 | K5: 106.7 | L5: 104 | M5: 102.4 | N5: 105.9 | O5: 105.7 | P5: 103.1 | Q5: 105.1 | R5: 107.7 | S5: 106.3 | T5: 105.6 | U5: 107.1 | V5: 106.3 | W5: 107 | X5: NA | Y5: 106.2 | Z5: 105.2 | AA5: 104.4 | AB5: 103.9 | AC5: 104 | AD5: 104.1 | AE5: 104.6 | AF5: 104.4 | AG5: 105.8
A6: Urban | B6: 2013 | C6: February | D6: =VLOOKUP(All_India_Index_Upto_April23__1___13[[#This Row],[Month]],Lookups!$E$1:$F$13,2,0) -> 2 | E6: Urban 2013 February | F6: 100.4 | G6: 112.9 | H6: 112.9 | I6: 116.9 | J6: 104 | K6: 103.5 | L6: 103.1 | M6: 104.9 | N6: 104.1 | O6: 103.8 | P6: 102.3 | Q6: 106 | R6: 109 | S6: 107.2 | T6: 106 | U6: 106.6 | V6: 105.5 | W6: 106.4 | X6: 100.4 | Y6: 105.7 | Z6: 105.2 | AA6: 104.7 | AB6: 104.4 | AC6: 103.3 | AD6: 103.7 | AE6: 104.3 | AF6: 104.3 | AG6: 104.7
A7: Rural+Urban | B7: 2013 | C7: February | D7: =VLOOKUP(All_India_Index_Upto_April23__1___13[[#This Row],[Month]],Lookups!$E$1:$F$13,2,0) -> 2 | E7: Rural+Urban 2013 February | F7: 100.4 | G7: 110.4 | H7: 110.2 | I7: 112.8 | J7: 104.9 | K7: 105.5 | L7: 103.6 | M7: 103.2 | N7: 105.3 | O7: 105.1 | P7: 102.8 | Q7: 105.5 | R7: 108.3 | S7: 106.6 | T7: 105.7 | U7: 106.9 | V7: 106 | W7: 106.8 | X7: 100.4 | Y7: 106 | Z7: 105.2 | AA7: 104.5 | AB7: 104.2 | AC7: 103.6 | AD7: 103.9 | AE7: 104.5 | AF7: 104.4 | AG7: 105.3
A8: Rural | B8: 2013 | C8: March | D8: =VLOOKUP(All_India_Index_Upto_April23__1___13[[#This Row],[Month]],Lookups!$E$1:$F$13,2,0) -> 3 | E8: Rural 2013 March | F8: 100.4 | G8: 110.2 | H8: 108.8 | I8: 109.9 | J8: 105.6 | K8: 106.2 | L8: 105.7 | M8: 101.4 | N8: 105.7 | O8: 105 | P8: 103.3 | Q8: 105.6 | R8: 108.2 | S8: 106.6 | T8: 106.5 | U8: 107.6 | V8: 106.8 | W8: 107.5 | X8: NA | Y8: 106.1 | Z8: 105.6 | AA8: 104.7 | AB8: 104.6 | AC8: 104 | AD8: 104.3 | AE8: 104.3 | AF8: 104.6 | AG8: 106
A9: Urban | B9: 2013 | C9: March | D9: =VLOOKUP(All_India_Index_Upto_April23__1___13[[#This Row],[Month]],Lookups!$E$1:$F$13,2,0) -> 3 | E9: Urban 2013 March | F9: 100.4 | G9: 113.9 | H9: 111.4 | I9: 113.2 | J9: 104.3 | K9: 102.7 | L9: 104.9 | M9: 103.8 | N9: 103.5 | O9: 102.6 | P9: 102.4 | Q9: 107 | R9: 109.8 | S9: 107.3 | T9: 106.8 | U9: 107.2 | V9: 106 | W9: 107 | X9: 100.4 | Y9: 106 | Z9: 105.7 | AA9: 105.2 | AB9: 105.5 | AC9: 103.5 | AD9: 103.8 | AE9: 104.2 | AF9: 104.9 | AG9: 105
A10: Rural+Urban | B10: 2013 | C10: March | D10: =VLOOKUP(All_India_Index_Upto_April23__1___13[[#This Row],[Month]],Lookups!$E$1:$F$13,2,0) -> 3 | E10: Rural+Urban 2013 March | F10: 100.4 | G10: 111.4 | H10: 109.7 | I10: 111.2 | J10: 105.1 | K10: 104.9 | L10: 105.3 | M10: 102.2 | N10: 105 | O10: 104.2 | P10: 103 | Q10: 106.2 | R10: 108.9 | S10: 106.9 | T10: 106.6 | U10: 107.4 | V10: 106.5 | W10: 107.3 | X10: 100.4 | Y10: 106.1 | Z10: 105.6 | AA10: 104.9 | AB10: 105.1 | AC10: 103.7 | AD10: 104 | AE10: 104.3 | AF10: 104.7 | AG10: 105.5
A11: Rural | B11: 2013 | C11: April | D11: =VLOOKUP(All_India_Index_Upto_April23__1___13[[#This Row],[Month]],Lookups!$E$1:$F$13,2,0) -> 4 | E11: Rural 2013 April | F11: 100.5 | G11: 110.2 | H11: 109.5 | I11: 106.9 | J11: 106.3 | K11: 105.7 | L11: 108.3 | M11: 103.4 | N11: 105.7 | O11: 104.2 | P11: 103.2 | Q11: 106.5 | R11: 108.8 | S11: 107.1 | T11: 107.1 | U11: 108.1 | V11: 107.4 | W11: 108 | X11: NA | Y11: 106.5 | Z11: 106.1 | AA11: 105.1 | AB11: 104.4 | AC11: 104.5 | AD11: 104.8 | AE11: 102.7 | AF11: 104.6 | AG11: 106.4
A12: Urban | B12: 2013 | C12: April | D12: =VLOOKUP(All_India_Index_Upto_April23__1___13[[#This Row],[Month]],Lookups!$E$1:$F$13,2,0) -> 4 | E12: Urban 2013 April | F12: 100.5 | G12: 114.6 | H12: 113.4 | I12: 106 | J12: 104.7 | K12: 102.1 | L12: 109.5 | M12: 109.7 | N12: 104.6 | O12: 102 | P12: 103.5 | Q12: 108.2 | R12: 110.6 | S12: 108.8 | T12: 108.5 | U12: 107.9 | V12: 106.4 | W12: 107.7 | X12: 100.5 | Y12: 106.4 | Z12: 106.5 | AA12: 105.7 | AB12: 105 | AC12: 104 | AD12: 105.2 | AE12: 103.2 | AF12: 105.1 | AG12: 105.7
A13: Rural+Urban | B13: 2013 | C13: April | D13: =VLOOKUP(All_India_Index_Upto_April23__1___13[[#This Row],[Month]],Lookups!$E$1:$F$13,2,0) -> 4 | E13: Rural+Urban 2013 April | F13: 100.5 | G13: 111.6 | H13: 110.9 | I13: 106.6 | J13: 105.7 | K13: 104.4 | L13: 108.9 | M13: 105.5 | N13: 105.3 | O13: 103.5 | P13: 103.3 | Q13: 107.2 | R13: 109.6 | S13: 107.7 | T13: 107.5 | U13: 108 | V13: 107 | W13: 107.9 | X13: 100.5 | Y13: 106.5 | Z13: 106.3 | AA13: 105.3 | AB13: 104.7 | AC13: 104.2 | AD13: 105 | AE13: 102.9 | AF13: 104.8 | AG13: 106.1
... A373: Rural+Urban | B373: 2023 | C373: May | D373: =VLOOKUP(All_India_Index_Upto_April23__1___13[[#This Row],[Month]],Lookups!$E$1:$F$13,2,0) -> 5 | E373: Rural+Urban 2023 May | F373: 175.6 | G373: 173.7 | H373: 214.3 | I373: 173.2 | J373: 179.5 | K373: 170 | L373: 172.2 | M373: 161 | N373: 175.6 | O373: 122.7 | P373: 218 | Q373: 173.4 | R373: 194.2 | S373: 179.1 | T373: 201 | U373: 187.3 | V373: 179.7 | W373: 186.2 | X373: 175.6 | Y373: 182.8 | Z373: 175.2 | AA373: 185.7 | AB373: 164.8 | AC373: 171.2 | AD373: 177.1 | AE373: 185.2 | AF373: 175.7 | AG373: 179.1

Sheet Que1 General
A1: Sub-Category | B1: Categories | C1: Rural | D1: Urban | E1: General index | F1: Total | G1: General Index Contribution | H1: Essential | I1: Food and Beverages | J1: Healthcare | K1: Other
A2: Essential | B2: Housing Clean | C2: 175.6 | D2: 175.6 | E2: =AVERAGE(C2:D2) -> 175.6 | F2: =SUM(E2:E27) -> 4657.65 | G2: =(E2/$F$2)*100 -> 3.7701416 | H2: =SUMIF($A:$A,H$1,$G:$G) -> 30.603416 | I2: =SUMIF($A:$A,I$1,$G:$G) -> 53.996114 | J2: =SUMIF($A:$A,J$1,$G:$G) -> 7.9492877 | K2: =SUMIF($A:$A,K$1,$G:$G) -> 7.4511825
A3: Food and Beverages | B3: Cereals and products | C3: 173.2 | D3: 174.7 | E3: =AVERAGE(C3:D3) -> 173.95 | G3: =(E3/$F$2)*100 -> 3.734716
A4: Food and Beverages | B4: Meat and fish | C4: 211.5 | D4: 219.4 | E4: =AVERAGE(C4:D4) -> 215.45 | G4: =(E4/$F$2)*100 -> 4.6257233
A5: Food and Beverages | B5: Egg | C5: 171 | D5: 176.7 | E5: =AVERAGE(C5:D5) -> 173.85 | G5: =(E5/$F$2)*100 -> 3.732569
A6: Food and Beverages | B6: Milk and products | C6: 179.6 | D6: 179.4 | E6: =AVERAGE(C6:D6) -> 179.5 | G6: =(E6/$F$2)*100 -> 3.8538748
A7: Food and Beverages | B7: Oils and fats | C7: 173.3 | D7: 164.4 | E7: =AVERAGE(C7:D7) -> 168.85 | G7: =(E7/$F$2)*100 -> 3.6252187
A8: Food and Beverages | B8: Fruits | C8: 169 | D8: 175.8 | E8: =AVERAGE(C8:D8) -> 172.4 | G8: =(E8/$F$2)*100 -> 3.7014374
A9: Food and Beverages | B9: Vegetables | C9: 148.7 | D9: 185 | E9: =AVERAGE(C9:D9) -> 166.85 | G9: =(E9/$F$2)*100 -> 3.5822786
A10: Food and Beverages | B10: Pulses and products | C10: 174.9 | D10: 176.9 | E10: =AVERAGE(C10:D10) -> 175.9 | G10: =(E10/$F$2)*100 -> 3.7765826
A11: Food and Beverages | B11: Sugar and Confectionery | C11: 121.9 | D11: 124.2 | E11: =AVERAGE(C11:D11) -> 123.05 | G11: =(E11/$F$2)*100 -> 2.6418902
A12: Food and Beverages | B12: Spices | C12: 221 | D12: 211.9 | E12: =AVERAGE(C12:D12) -> 216.45 | G12: =(E12/$F$2)*100 -> 4.6471933
A13: Food and Beverages | B13: Non-alcoholic beverages | C13: 178.7 | D13: 165.9 | E13: =AVERAGE(C13:D13) -> 172.3 | G13: =(E13/$F$2)*100 -> 3.6992904
A14: Food and Beverages | B14: Prepared meals, snacks, sweets etc. | C14: 191.1 | D14: 197.7 | E14: =AVERAGE(C14:D14) -> 194.4 | G14: =(E14/$F$2)*100 -> 4.1737786
... A23: Essential | B23: Transport and communication | C23: 169.7 | D23: 160.4 | E23: =AVERAGE(C23:D23) -> 165.05 | G23: =(E23/$F$2)*100 -> 3.5436325
A24: Other | B24: Recreation and amusement | C24: 173.8 | D24: 169.2 | E24: =AVERAGE(C24:D24) -> 171.5 | G24: =(E24/$F$2)*100 -> 3.6821144 | I24: In general the Food and Beverages have the highest contribution as compared to other categories.
A25: Essential | B25: Education | C25: 180.3 | D25: 174.8 | E25: =AVERAGE(C25:D25) -> 177.55 | G25: =(E25/$F$2)*100 -> 3.8120082
A26: Healthcare | B26: Personal care and effects | C26: 184.9 | D26: 185.6 | E26: =AVERAGE(C26:D26) -> 185.25 | G26: =(E26/$F$2)*100 -> 3.9773276
A27: Other | B27: Miscellaneous | C27: 179.5 | D27: 171.6 | E27: =AVERAGE(C27:D27) -> 175.55 | G27: =(E27/$F$2)*100 -> 3.7690681

Sheet Que5 Grouping
E1: Food | F1: Food | G1: Food | H1: Food | I1: Food | J1: Food | K1: Food | L1: Food | M1: Food | N1: Food | O1: Food | P1: Food | Q1: Food | R1: Food | T1: Fuel and light | U1: Transport and communication | V1: General CPI
A2: Sector | B2: Year | C2: Month | D2: Index | E2: Cereals and products | F2: Meat and fish | G2: Egg | H2: Milk and products | I2: Oils and fats | J2: Fruits | K2: Vegetables | L2: Pulses and products | M2: Sugar and Confectionery | N2: Spices | O2: Non-alcoholic beverages | P2: Prepared meals, snacks, sweets etc. | Q2: Food and beverages | R2: Pan, tobacco and intoxicants | S2: Food | T2: Fuel and light | U2: Transport and communication | V2: General index
A3: Rural+Urban | B3: 2020 | C3: January | D3: 1 | E3: 144.3 | F3: 167.4 | G3: 154.9 | H3: 150.1 | I3: 129.9 | J3: 143.2 | K3: 197 | L3: 140.4 | M3: 114.1 | N3: 150.9 | O3: 136.1 | P3: 158.6 | Q3: 153.5 | R3: 169.2 | S3: =SUM(E3:R3) -> 2109.6 | T3: 144.6 | U3: 130.9 | V3: 150.2
A4: Rural+Urban | B4: 2020 | C4: February | D4: 2 | E4: 144.8 | F4: 167.5 | G4: 151.8 | H4: 150.8 | I4: 131.4 | J4: 141.8 | K4: 170.7 | L4: 141.1 | M4: 113.6 | N4: 152 | O4: 136.5 | P4: 159.1 | Q4: 150.5 | R4: 170.1 | S4: =SUM(E4:R4) -> 2081.7 | T4: 147.2 | U4: 130.3 | V4: 149.1
A5: Rural+Urban | B5: 2020 | C5: March | D5: 3 | E5: 145.1 | F5: 167 | G5: 148.1 | H5: 151.5 | I5: 131.2 | J5: 142.5 | K5: 157.3 | L5: 141.1 | M5: 113.2 | N5: 153.2 | O5: 136.7 | P5: 159.6 | Q5: 148.9 | R5: 171.2 | S5: =SUM(E5:R5) -> 2066.6 | T5: 148.9 | U5: 129.9 | V5: 148.6
A6: Rural+Urban | B6: 2020 | C6: April | D6: 4 | E6: 148.7 | F6: 167 | G6: 148.8 | H6: 155.6 | I6: 135.1 | J6: 149.9 | K6: 168.6 | L6: 150.4 | M6: 120.3 | N6: 157.1 | O6: 136.8 | P6: 159 | Q6: 151.4 | R6: 171 | S6: =SUM(E6:R6) -> 2119.7 | T6: 144.1 | U6: 130 | V6: 149
A7: Rural+Urban | B7: 2020 | C7: May | D7: 5 | E7: 147 | F7: 167 | G7: 148 | H7: 154 | I7: 133 | J7: 146 | K7: 163 | L7: 146 | M7: 117 | N7: 155 | O7: 137 | P7: 159 | Q7: 150 | R7: 171 | S7: =SUM(E7:R7) -> 2093 | T7: 147 | U7: 130 | V7: 149
A8: Rural+Urban | B8: 2020 | C8: June | D8: 6 | E8: 149.6 | F8: 192.7 | G8: 151.4 | H8: 153.3 | I8: 136.3 | J8: 147.2 | K8: 156.5 | L8: 150.9 | M8: 114.2 | N8: 159.5 | O8: 139.4 | P8: 161.8 | Q8: 154 | R8: 183.5 | S8: =SUM(E8:R8) -> 2150.3 | T8: 141.9 | U8: 135 | V8: 151.8
A9: Rural+Urban | B9: 2020 | C9: July | D9: 7 | E9: 149.6 | F9: 192.7 | G9: 151.4 | H9: 153.3 | I9: 136.3 | J9: 147.2 | K9: 156.5 | L9: 150.9 | M9: 114.2 | N9: 159.5 | O9: 139.4 | P9: 161.8 | Q9: 154 | R9: 183.5 | S9: =SUM(E9:R9) -> 2150.3 | T9: 141.9 | U9: 135 | V9: 151.8
A10: Rural+Urban | B10: 2020 | C10: August | D10: 8 | E10: 148.9 | F10: 190.9 | G10: 150.8 | H10: 153.3 | I10: 137.4 | J10: 150.4 | K10: 178.1 | L10: 150.4 | M10: 115.1 | N10: 160 | O10: 140.6 | P10: 162.3 | Q10: 157 | R10: 182.6 | S10: =SUM(E10:R10) -> 2177.8 | T10: 143 | U10: 138.5 | V10: 153.9
A11: Rural+Urban | B11: 2020 | C11: September | D11: 9 | E11: 148.4 | F11: 187.1 | G11: 152.5 | H11: 153.6 | I11: 138.2 | J11: 150.9 | K11: 186.7 | L11: 149.8 | M11: 116.4 | N11: 160.3 | O11: 142.2 | P11: 162.9 | Q11: 158 | R11: 184.4 | S11: =SUM(E11:R11) -> 2191.4 | T11: 142.9 | U11: 139.6 | V11: 154.7
A12: Rural+Urban | B12: 2020 | C12: October | D12: 10 | E12: 147.5 | F12: 188.9 | G12: 161.4 | H12: 153.6 | I12: 140.1 | J12: 151.2 | K12: 209.2 | L12: 150.9 | M12: 116.2 | N12: 161 | O12: 144 | P12: 163.2 | Q12: 161.4 | R12: 184.3 | S12: =SUM(E12:R12) -> 2232.9 | T12: 143.1 | U12: 140.6 | V12: 156.4
A13: Rural+Urban | B13: 2020 | C13: November | D13: 11 | E13: 146.8 | F13: 191 | G13: 173.6 | H13: 153.8 | I13: 142.7 | J13: 148.4 | K13: 230 | L13: 156.8 | M13: 115.7 | N13: 161.8 | O13: 146.5 | P13: 163.8 | Q13: 164.7 | R13: 184.8 | S13: =SUM(E13:R13) -> 2280.4 | T13: 143.6 | U13: 140.4 | V13: 158.4
A14: Rural+Urban | B14: 2020 | C14: December | D14: 12 | E14: 146 | F14: 191 | G14: 175.3 | H14: 154.1 | I14: 146.6 | J14: 147.7 | K14: 230.5 | L14: 160.2 | M14: 115.3 | N14: 163 | O14: 149.2 | P14: 164.8 | Q14: 165.4 | R14: 185.4 | S14: =SUM(E14:R14) -> 2294.5 | T14: 144.6 | U14: 140.7 | V14: 158.9
... A43: Rural+Urban | B43: 2023 | C43: May | D43: 5 | E43: 173.7 | F43: 214.3 | G43: 173.2 | H43: 179.5 | I43: 170 | J43: 172.2 | K43: 161 | L43: 175.6 | M43: 122.7 | N43: 218 | O43: 173.4 | P43: 194.2 | Q43: 179.1 | R43: 201 | S43: =SUM(E43:R43) -> 2507.9 | T43: 182.8 | U43: 164.8 | V43: 179.1

Sheet Crude oil (2)
A1: Year N Month | B1: Crude Oil Price | C1: Exchange Rate
A2: 43831 | B2: 57.52 | C2: =VLOOKUP(A2,[1]Sheet2!M$5:N$45,2,0) -> 71.26787 | D2: =B2*C2 -> 4099.3279
A3: 43862 | B3: 50.54 | C3: =VLOOKUP(A3,[1]Sheet2!M$5:N$45,2,0) -> 71.53615 | D3: =B3*C3 -> 3615.437
A4: 43891 | B4: 29.21 | C4: =VLOOKUP(A4,[1]Sheet2!M$5:N$45,2,0) -> 74.564955 | D4: =B4*C4 -> 2178.0423
A5: 43922 | B5: 16.55 | C5: =VLOOKUP(A5,[1]Sheet2!M$5:N$45,2,0) -> 76.178409 | D5: =B5*C5 -> 1260.7527
A6: 43952 | B6: 28.56 | C6: =VLOOKUP(A6,[1]Sheet2!M$5:N$45,2,0) -> 75.674952 | D6: =B6*C6 -> 2161.2766
A7: 43983 | B7: 38.31 | C7: =VLOOKUP(A7,[1]Sheet2!M$5:N$45,2,0) -> 75.723136 | D7: =B7*C7 -> 2900.9534
A8: 44013 | B8: 40.71 | C8: =VLOOKUP(A8,[1]Sheet2!M$5:N$45,2,0) -> 74.928826 | D8: =B8*C8 -> 3050.3525
A9: 44044 | B9: 42.34 | C9: =VLOOKUP(A9,[1]Sheet2!M$5:N$45,2,0) -> 74.569762 | D9: =B9*C9 -> 3157.2837
A10: 44075 | B10: 39.63 | C10: =VLOOKUP(A10,[1]Sheet2!M$5:N$45,2,0) -> 73.518273 | D10: =B10*C10 -> 2913.5291
A11: 44105 | B11: 39.4 | C11: =VLOOKUP(A11,[1]Sheet2!M$5:N$45,2,0) -> 73.5585 | D11: =B11*C11 -> 2898.2049
A12: 44136 | B12: 40.94 | C12: =VLOOKUP(A12,[1]Sheet2!M$5:N$45,2,0) -> 74.217524 | D12: =B12*C12 -> 3038.4654
A13: 44166 | B13: 47.02 | C13: =VLOOKUP(A13,[1]Sheet2!M$5:N$45,2,0) -> 73.630304 | D13: =B13*C13 -> 3462.0969
... A42: 45047 | B42: 71.58 | C42: =VLOOKUP(A42,[1]Sheet2!M$5:N$45,2,0) -> 82.295261 | D42: =B42*C42 -> 5890.6948

Sheet Que1-Rural+Urban
A1: Sub-Category | B1: Categories | C1: Rural+Urban | D1: Total | E1: Contribution Rural+Urban | F1: Essential | G1: Food and Beverages | H1: Healthcare | I1: Other
A2: Essential | B2: Housing Clean | C2: 175.6 | D2: =SUM(C2:C27) -> 4654.4 | E2: =(C2/$D$2)*100 -> 3.7727741 | F2: =SUMIF(A:A,F1,E:E) -> 30.695686 | G2: =SUMIF(A:A,G1,E:E) -> 53.882348 | H2: =SUMIF(A:A,H1,E:E) -> 7.9688037 | I2: =SUMIF(A:A,I1,E:E) -> 7.4531626
A3: Food and Beverages | B3: Cereals and products | C3: 173.7 | E3: =(C3/$D$2)*100 -> 3.7319526
A4: Food and Beverages | B4: Meat and fish | C4: 214.3 | E4: =(C4/$D$2)*100 -> 4.6042454
A5: Food and Beverages | B5: Egg | C5: 173.2 | E5: =(C5/$D$2)*100 -> 3.72121
A6: Food and Beverages | B6: Milk and products | C6: 179.5 | E6: =(C6/$D$2)*100 -> 3.8565658
A7: Food and Beverages | B7: Oils and fats | C7: 170 | E7: =(C7/$D$2)*100 -> 3.6524579
A8: Food and Beverages | B8: Fruits | C8: 172.2 | E8: =(C8/$D$2)*100 -> 3.699725
A9: Food and Beverages | B9: Vegetables | C9: 161 | E9: =(C9/$D$2)*100 -> 3.4590925
A10: Food and Beverages | B10: Pulses and products | C10: 175.6 | E10: =(C10/$D$2)*100 -> 3.7727741
A11: Food and Beverages | B11: Sugar and Confectionery | C11: 122.7 | E11: =(C11/$D$2)*100 -> 2.6362152
A12: Food and Beverages | B12: Spices | C12: 218 | E12: =(C12/$D$2)*100 -> 4.6837401
A13: Food and Beverages | B13: Non-alcoholic beverages | C13: 173.4 | E13: =(C13/$D$2)*100 -> 3.725507
A14: Food and Beverages | B14: Prepared meals, snacks, sweets etc. | C14: 194.2 | E14: =(C14/$D$2)*100 -> 4.172396
... A22: Healthcare | B22: Health | C22: 185.7 | E22: =(C22/$D$2)*100 -> 3.9897731
A23: Essential | B23: Transport and communication | C23: 164.8 | E23: =(C23/$D$2)*100 -> 3.5407356 | G23: For Rural+Urban Sector Food and Beverages has the Highest Contribution to the inflamation as compared to other categories.
A24: Other | B24: Recreation and amusement | C24: 171.2 | E24: =(C24/$D$2)*100 -> 3.6782399
A25: Essential | B25: Education | C25: 177.1 | E25: =(C25/$D$2)*100 -> 3.8050017
A26: Healthcare | B26: Personal care and effects | C26: 185.2 | E26: =(C26/$D$2)*100 -> 3.9790306
A27: Other | B27: Miscellaneous | C27: 175.7 | E27: =(C27/$D$2)*100 -> 3.7749227

Sheet Que1-Urban
A1: Sub-Category | B1: Categories | C1: Urban | D1: Total | E1: Contribution | F1: Essential | G1: Food and Beverages | H1: Healthcare | I1: Other
A2: Essential | B2: Housing Clean | C2: 175.6 | D2: =SUM(C2:C27) -> 4640.9 | E2: =(C2/$D$2)*100 -> 3.7837488 | F2: =SUMIF($A:$A,F$1,$E:$E) -> 30.01573 | G2: =SUMIF($A:$A,G$1,$E:$E) -> 54.71568 | H2: =SUMIF($A:$A,H$1,$E:$E) -> 7.9251869 | I2: =SUMIF($A:$A,I$1,$E:$E) -> 7.3434032
A3: Food and Beverages | B3: Cereals and products | C3: 174.7 | E3: =(C3/$D$2)*100 -> 3.7643561
A4: Food and Beverages | B4: Meat and fish | C4: 219.4 | E4: =(C4/$D$2)*100 -> 4.7275313
A5: Food and Beverages | B5: Egg | C5: 176.7 | E5: =(C5/$D$2)*100 -> 3.8074511
A6: Food and Beverages | B6: Milk and products | C6: 179.4 | E6: =(C6/$D$2)*100 -> 3.8656295
A7: Food and Beverages | B7: Oils and fats | C7: 164.4 | E7: =(C7/$D$2)*100 -> 3.5424163
A8: Food and Beverages | B8: Fruits | C8: 175.8 | E8: =(C8/$D$2)*100 -> 3.7880584
A9: Food and Beverages | B9: Vegetables | C9: 185 | E9: =(C9/$D$2)*100 -> 3.9862958
A10: Food and Beverages | B10: Pulses and products | C10: 176.9 | E10: =(C10/$D$2)*100 -> 3.8117606
A11: Food and Beverages | B11: Sugar and Confectionery | C11: 124.2 | E11: =(C11/$D$2)*100 -> 2.676205
A12: Food and Beverages | B12: Spices | C12: 211.9 | E12: =(C12/$D$2)*100 -> 4.5659247
A13: Food and Beverages | B13: Non-alcoholic beverages | C13: 165.9 | E13: =(C13/$D$2)*100 -> 3.5747377
A14: Food and Beverages | B14: Prepared meals, snacks, sweets etc. | C14: 197.7 | E14: =(C14/$D$2)*100 -> 4.2599496
... A22: Healthcare | B22: Health | C22: 182.2 | E22: =(C22/$D$2)*100 -> 3.9259626
A23: Essential | B23: Transport and communication | C23: 160.4 | E23: =(C23/$D$2)*100 -> 3.4562262 | G23: For Urban Sector Food and Beverages has the highest contribution towards inflamation as compared to other categories.
A24: Other | B24: Recreation and amusement | C24: 169.2 | E24: =(C24/$D$2)*100 -> 3.6458446
A25: Essential | B25: Education | C25: 174.8 | E25: =(C25/$D$2)*100 -> 3.7665108
A26: Healthcare | B26: Personal care and effects | C26: 185.6 | E26: =(C26/$D$2)*100 -> 3.9992243
A27: Other | B27: Miscellaneous | C27: 171.6 | E27: =(C27/$D$2)*100 -> 3.6975587

Sheet Que1-Rural
A1: Sub-Category | B1: Categories | C1: Rural | D1: Total | E1: Contribution | F1: Essential | G1: Food and Beverages | H1: Healthcare | I1: Other
A2: Essential | B2: Housing Clean | C2: 175.6 | D2: =SUM(C2:C27) -> 4674.4 | E2: =(C2/$D$2)*100 -> 3.7566319 | F2: =SUMIF($A:$A,F$1,$E:$E) -> 31.18689 | G2: =SUMIF($A:$A,G$1,$E:$E) -> 53.281705 | H2: =SUMIF($A:$A,H$1,$E:$E) -> 7.9732158 | I2: =SUMIF($A:$A,I$1,$E:$E) -> 7.5581893
A3: Food and Beverages | B3: Cereals and products | C3: 173.2 | E3: =(C3/$D$2)*100 -> 3.7052884
A4: Food and Beverages | B4: Meat and fish | C4: 211.5 | E4: =(C4/$D$2)*100 -> 4.5246449
A5: Food and Beverages | B5: Egg | C5: 171 | E5: =(C5/$D$2)*100 -> 3.6582235
A6: Food and Beverages | B6: Milk and products | C6: 179.6 | E6: =(C6/$D$2)*100 -> 3.8422043
A7: Food and Beverages | B7: Oils and fats | C7: 173.3 | E7: =(C7/$D$2)*100 -> 3.7074277
A8: Food and Beverages | B8: Fruits | C8: 169 | E8: =(C8/$D$2)*100 -> 3.6154373
A9: Food and Beverages | B9: Vegetables | C9: 148.7 | E9: =(C9/$D$2)*100 -> 3.1811569
A10: Food and Beverages | B10: Pulses and products | C10: 174.9 | E10: =(C10/$D$2)*100 -> 3.7416567
A11: Food and Beverages | B11: Sugar and Confectionery | C11: 121.9 | E11: =(C11/$D$2)*100 -> 2.6078213
A12: Food and Beverages | B12: Spices | C12: 221 | E12: =(C12/$D$2)*100 -> 4.7278795
A13: Food and Beverages | B13: Non-alcoholic beverages | C13: 178.7 | E13: =(C13/$D$2)*100 -> 3.8229505
A14: Food and Beverages | B14: Prepared meals, snacks, sweets etc. | C14: 191.1 | E14: =(C14/$D$2)*100 -> 4.0882252
... A21: Essential | B21: Household goods and services | C21: 179.8 | E21: =(C21/$D$2)*100 -> 3.846483
A22: Healthcare | B22: Health | C22: 187.8 | E22: =(C22/$D$2)*100 -> 4.0176279 | G22: For the Rural Sector Food and Beverages has the highest contribution amongst other categories.
A23: Essential | B23: Transport and communication | C23: 169.7 | E23: =(C23/$D$2)*100 -> 3.6304125
A24: Other | B24: Recreation and amusement | C24: 173.8 | E24: =(C24/$D$2)*100 -> 3.7181243
A25: Essential | B25: Education | C25: 180.3 | E25: =(C25/$D$2)*100 -> 3.8571795
A26: Healthcare | B26: Personal care and effects | C26: 184.9 | E26: =(C26/$D$2)*100 -> 3.9555879
A27: Other | B27: Miscellaneous | C27: 179.5 | E27: =(C27/$D$2)*100 -> 3.840065

Sheet Question 2
E1: Food and Beverages | F1: Food and Beverages | G1: Food and Beverages | H1: Food and Beverages | I1: Food and Beverages | J1: Food and Beverages | K1: Food and Beverages | L1: Food and Beverages | M1: Food and Beverages | N1: Food and Beverages | O1: Food and Beverages | P1: Food and Beverages | Q1: Food and Beverages | R1: Food and Beverages | T1: Essential | U1: Essential | V1: Essential | W1: Essential | X1: Essential | Y1: Essential | Z1: Essential | AA1: Essential | AC1: Healthcare | AD1: Healthcare | AF1: Miscellaneous | AG1: Miscellaneous | AI1: General CPI
A2: Sector | B2: Year | C2: Month | D2: Index | E2: Cereals and products | F2: Meat and fish | G2: Egg | H2: Milk and products | I2: Oils and fats | J2: Fruits | K2: Vegetables | L2: Pulses and products | M2: Sugar and Confectionery | N2: Spices | O2: Non-alcoholic beverages | P2: Prepared meals, snacks, sweets etc. | Q2: Food and beverages | R2: Pan, tobacco and intoxicants | S2: Food and Beverages | T2: Housing Clean | U2: Clothing | V2: Footwear | W2: Clothing and footwear | X2: Fuel and light | Y2: Household goods and services | Z2: Transport and communication | AA2: Education | AB2: Essential | AC2: Health | AD2: Personal care and effects | AE2: Healthcare | AF2: Recreation and amusement | AG2: Miscellaneous | AH2: Miscellaneous | AI2: General index
A3: Rural+Urban | B3: 2016 | C3: January | D3: 1 | E3: 126.1 | F3: 134.1 | G3: 128.6 | H3: 129.9 | I3: 115.5 | J3: 125.7 | K3: 141.5 | L3: 170.7 | M3: 97.4 | N3: 132.9 | O3: 122.7 | P3: 135.3 | Q3: 131.3 | R3: 135.2 | S3: =SUM(E3:R3) -> 1826.9 | T3: 123.4 | U3: 130.3 | V3: 125.1 | W3: 129.5 | X3: 122.7 | Y3: 124.2 | Z3: 111.1 | AA3: 126.3 | AB3: =SUM(T3:AA3) -> 992.6 | AC3: 122 | AD3: 114.5 | AE3: =SUM(AC3:AD3) -> 236.5 | AF3: 119.8 | AG3: 118.5 | AH3: =SUM(AF3:AG3) -> 238.3 | AI3: 126.3
A4: Rural+Urban | B4: 2016 | C4: February | D4: 2 | E4: 126.4 | F4: 134.2 | G4: 128.7 | H4: 130.3 | I4: 114.8 | J4: 124.9 | K4: 130.3 | L4: 167.4 | M4: 98.8 | N4: 133.6 | O4: 123 | P4: 135.8 | Q4: 129.9 | R4: 135.9 | S4: =SUM(E4:R4) -> 1814 | T4: 124.4 | U4: 130.9 | V4: 125.8 | W4: 130.2 | X4: 123.1 | Y4: 124.6 | Z4: 111.4 | AA4: 126.6 | AB4: =SUM(T4:AA4) -> 997 | AC4: 122.5 | AD4: 116.6 | AE4: =SUM(AC4:AD4) -> 239.1 | AF4: 120.3 | AG4: 119.1 | AH4: =SUM(AF4:AG4) -> 239.4 | AI4: 126
A5: Rural+Urban | B5: 2016 | C5: March | D5: 3 | E5: 126.5 | F5: 135.1 | G5: 124.6 | H5: 130.2 | I5: 114.5 | J5: 126.2 | K5: 129.8 | L5: 164.3 | M5: 100.9 | N5: 133.9 | O5: 123.1 | P5: 136.3 | Q5: 129.8 | R5: 136.5 | S5: =SUM(E5:R5) -> 1811.7 | T5: 124.9 | U5: 131.3 | V5: 126.1 | W5: 130.5 | X5: 122.4 | Y5: 125.1 | Z5: 110.9 | AA5: 126.9 | AB5: =SUM(T5:AA5) -> 998.1 | AC5: 122.9 | AD5: 117.3 | AE5: =SUM(AC5:AD5) -> 240.2 | AF5: 120.6 | AG5: 119.3 | AH5: =SUM(AF5:AG5) -> 239.9 | AI5: 126
A6: Rural+Urban | B6: 2016 | C6: April | D6: 4 | E6: 126.6 | F6: 136.8 | G6: 122 | H6: 130.9 | I6: 114.8 | J6: 134.8 | K6: 135 | L6: 167.5 | M6: 106.4 | N6: 134.4 | O6: 123.6 | P6: 136.7 | Q6: 131.8 | R6: 137.1 | S6: =SUM(E6:R6) -> 1838.4 | T6: 125.6 | U6: 131.8 | V6: 126.4 | W6: 131 | X6: 122.3 | Y6: 125.5 | Z6: 112.1 | AA6: 127.7 | AB6: =SUM(T6:AA6) -> 1002.4 | AC6: 123.2 | AD6: 118.1 | AE6: =SUM(AC6:AD6) -> 241.3 | AF6: 121.1 | AG6: 120 | AH6: =SUM(AF6:AG6) -> 241.1 | AI6: 127.3
A7: Rural+Urban | B7: 2016 | C7: May | D7: 5 | E7: 126.8 | F7: 139.1 | G7: 125.4 | H7: 131.7 | I7: 115 | J7: 136 | K7: 145.1 | L7: 171.7 | M7: 108.7 | N7: 135.3 | O7: 124.2 | P7: 137.4 | Q7: 134 | R7: 137.7 | S7: =SUM(E7:R7) -> 1868.1 | T7: 126 | U7: 132.2 | V7: 126.8 | W7: 131.4 | X7: 122.7 | Y7: 126 | Z7: 112.8 | AA7: 128.5 | AB7: =SUM(T7:AA7) -> 1006.4 | AC7: 123.7 | AD7: 119.2 | AE7: =SUM(AC7:AD7) -> 242.9 | AF7: 121.5 | AG7: 120.7 | AH7: =SUM(AF7:AG7) -> 242.2 | AI7: 128.6
A8: Rural+Urban | B8: 2016 | C8: June | D8: 6 | E8: 127.7 | F8: 140.5 | G8: 128.3 | H8: 132.6 | I8: 115.5 | J8: 136.5 | K8: 159.7 | L8: 174.3 | M8: 109.9 | N8: 136.3 | O8: 124.4 | P8: 138.1 | Q8: 136.8 | R8: 138.7 | S8: =SUM(E8:R8) -> 1899.3 | T8: 125.5 | U8: 132.9 | V8: 127.2 | W8: 132 | X8: 123.3 | Y8: 126.4 | Z8: 114.2 | AA8: 129.7 | AB8: =SUM(T8:AA8) -> 1011.2 | AC8: 124.1 | AD8: 119.4 | AE8: =SUM(AC8:AD8) -> 243.5 | AF8: 121.7 | AG8: 121.5 | AH8: =SUM(AF8:AG8) -> 243.2 | AI8: 130.1
A9: Rural+Urban | B9: 2016 | C9: July | D9: 7 | E9: 128.5 | F9: 141.2 | G9: 132.3 | H9: 133.5 | I9: 116.4 | J9: 137.8 | K9: 165.4 | L9: 177.4 | M9: 111.3 | N9: 137.5 | O9: 125 | P9: 138.8 | Q9: 138.4 | R9: 139.3 | S9: =SUM(E9:R9) -> 1922.8 | T9: 126.4 | U9: 133.5 | V9: 127.6 | W9: 132.7 | X9: 123.4 | Y9: 126.9 | Z9: 113.9 | AA9: 130.8 | AB9: =SUM(T9:AA9) -> 1015.2 | AC9: 124.5 | AD9: 120.5 | AE9: =SUM(AC9:AD9) -> 245 | AF9: 122.4 | AG9: 121.9 | AH9: =SUM(AF9:AG9) -> 244.3 | AI9: 131.1
A10: Rural+Urban | B10: 2016 | C10: August | D10: 8 | E10: 129.3 | F10: 139.3 | G10: 131.6 | H10: 134.1 | I10: 116.9 | J10: 138.1 | K10: 159.1 | L10: 175.6 | M10: 112.9 | N10: 138.1 | O10: 125.5 | P10: 139.5 | Q10: 137.9 | R10: 140.2 | S10: =SUM(E10:R10) -> 1918.1 | T10: 127.3 | U10: 134.1 | V10: 128.2 | W10: 133.2 | X10: 123.6 | Y10: 127.4 | Z10: 113.1 | AA10: 131.7 | AB10: =SUM(T10:AA10) -> 1018.6 | AC10: 124.8 | AD10: 121.5 | AE10: =SUM(AC10:AD10) -> 246.3 | AF10: 122.7 | AG10: 122.1 | AH10: =SUM(AF10:AG10) -> 244.8 | AI10: 131.1
A11: Rural+Urban | B11: 2016 | C11: September | D11: 9 | E11: 129.9 | F11: 138 | G11: 130.5 | H11: 134.4 | I11: 117.2 | J11: 136.1 | K11: 150.7 | L11: 171.5 | M11: 113.8 | N11: 138.8 | O11: 126 | P11: 140.2 | Q11: 136.6 | R11: 141 | S11: =SUM(E11:R11) -> 1904.7 | T11: 127.9 | U11: 134.6 | V11: 128.6 | W11: 133.8 | X11: 124.1 | Y11: 127.9 | Z11: 114.3 | AA11: 131.8 | AB11: =SUM(T11:AA11) -> 1023 | AC11: 125.4 | AD11: 122.1 | AE11: =SUM(AC11:AD11) -> 247.5 | AF11: 122.9 | AG11: 122.8 | AH11: =SUM(AF11:AG11) -> 245.7 | AI11: 130.9
A12: Rural+Urban | B12: 2016 | C12: October | D12: 10 | E12: 130.5 | F12: 137.9 | G12: 130.2 | H12: 134.8 | I12: 117.8 | J12: 134.7 | K12: 151.2 | L12: 172.1 | M12: 114.1 | N12: 139.3 | O12: 126.1 | P12: 141.1 | Q12: 137 | R12: 141.8 | S12: =SUM(E12:R12) -> 1908.6 | T12: 128.7 | U12: 135.5 | V12: 129.1 | W12: 134.5 | X12: 124.3 | Y12: 128.4 | Z12: 115.2 | AA12: 132.4 | AB12: =SUM(T12:AA12) -> 1028.1 | AC12: 126.1 | AD12: 122.1 | AE12: =SUM(AC12:AD12) -> 248.2 | AF12: 123.5 | AG12: 123.4 | AH12: =SUM(AF12:AG12) -> 246.9 | AI12: 131.4
A13: Rural+Urban | B13: 2016 | C13: November | D13: 11 | E13: 131.4 | F13: 137.8 | G13: 132 | H13: 135 | I13: 118 | J13: 134.1 | K13: 141.9 | L13: 171.7 | M13: 114.1 | N13: 139.7 | O13: 126.2 | P13: 141.8 | Q13: 136.1 | R13: 142 | S13: =SUM(E13:R13) -> 1901.8 | T13: 129.1 | U13: 135.8 | V13: 129.3 | W13: 135 | X13: 125 | Y13: 128.6 | Z13: 115.7 | AA13: 132.8 | AB13: =SUM(T13:AA13) -> 1031.3 | AC13: 126.4 | AD13: 122.6 | AE13: =SUM(AC13:AD13) -> 249 | AF13: 124 | AG13: 123.8 | AH13: =SUM(AF13:AG13) -> 247.8 | AI13: 131.2
A14: Rural+Urban | B14: 2016 | C14: December | D14: 12 | E14: 132.3 | F14: 137.6 | G14: 132.9 | H14: 135.1 | I14: 118.6 | J14: 132.7 | K14: 125.3 | L14: 168.7 | M14: 114.4 | N14: 140.2 | O14: 126.6 | P14: 142.3 | Q14: 134 | R14: 143.1 | S14: =SUM(E14:R14) -> 1883.8 | T14: 128.5 | U14: 136.3 | V14: 129.8 | W14: 135.4 | X14: 126.6 | Y14: 129.2 | Z14: 116 | AA14: 133.1 | AB14: =SUM(T14:AA14) -> 1034.9 | AC14: 126.9 | AD14: 121.1 | AE14: =SUM(AC14:AD14) -> 248 | AF14: 124.2 | AG14: 123.9 | AH14: =SUM(AF14:AG14) -> 248.1 | AI14: 130.4
... A90: Rural+Urban | B90: 2023 | C90: May | D90: 5 | E90: 173.7 | F90: 214.3 | G90: 173.2 | H90: 179.5 | I90: 170 | J90: 172.2 | K90: 161 | L90: 175.6 | M90: 122.7 | N90: 218 | O90: 173.4 | P90: 194.2 | Q90: 179.1 | R90: 201 | S90: =SUM(E90:R90) -> 2507.9 | T90: 175.6 | U90: 187.3 | V90: 179.7 | W90: 186.2 | X90: 182.8 | Y90: 175.2 | Z90: 164.8 | AA90: 177.1 | AB90: =SUM(T90:AA90) -> 1428.7 | AC90: 185.7 | AD90: 185.2 | AE90: =SUM(AC90:AD90) -> 370.9 | AF90: 171.2 | AG90: 175.7 | AH90: =SUM(AF90:AG90) -> 346.9 | AI90: 179.1

Sheet Question 2 inflamation
A1: Sector | B1: Year | C1: Month | D1: Index | E1: Food and Beverages | F1: Food and Beverages Inflamation | G1: Essential | H1: Essential Inflamation | I1: Healthcare | J1: Healthcare Inflamation | K1: Miscellaneous | L1: Miscellaneous Inflamation | M1: General CPI | N1: General CPI Inflamation
A2: Rural+Urban | B2: 2016 | C2: January | D2: 1 | E2: 1826.9 | G2: 992.6 | I2: 236.5 | K2: 238.3 | M2: 126.3
A3: Rural+Urban | B3: 2016 | C3: February | D3: 2 | E3: 1814 | G3: 997 | I3: 239.1 | K3: 239.4 | M3: 126
A4: Rural+Urban | B4: 2016 | C4: March | D4: 3 | E4: 1811.7 | G4: 998.1 | I4: 240.2 | K4: 239.9 | M4: 126
A5: Rural+Urban | B5: 2016 | C5: April | D5: 4 | E5: 1838.4 | G5: 1002.4 | I5: 241.3 | K5: 241.1 | M5: 127.3
A6: Rural+Urban | B6: 2016 | C6: May | D6: 5 | E6: 1868.1 | G6: 1006.4 | I6: 242.9 | K6: 242.2 | M6: 128.6
A7: Rural+Urban | B7: 2016 | C7: June | D7: 6 | E7: 1899.3 | G7: 1011.2 | I7: 243.5 | K7: 243.2 | M7: 130.1
A8: Rural+Urban | B8: 2016 | C8: July | D8: 7 | E8: 1922.8 | G8: 1015.2 | I8: 245 | K8: 244.3 | M8: 131.1
A9: Rural+Urban | B9: 2016 | C9: August | D9: 8 | E9: 1918.1 | G9: 1018.6 | I9: 246.3 | K9: 244.8 | M9: 131.1
A10: Rural+Urban | B10: 2016 | C10: September | D10: 9 | E10: 1904.7 | G10: 1023 | I10: 247.5 | K10: 245.7 | M10: 130.9
A11: Rural+Urban | B11: 2016 | C11: October | D11: 10 | E11: 1908.6 | G11: 1028.1 | I11: 248.2 | K11: 246.9 | M11: 131.4
A12: Rural+Urban | B12: 2016 | C12: November | D12: 11 | E12: 1901.8 | G12: 1031.3 | I12: 249 | K12: 247.8 | M12: 131.2
A13: Rural+Urban | B13: 2016 | C13: December | D13: 12 | E13: 1883.8 | G13: 1034.9 | I13: 248 | K13: 248.1 | M13: 130.4
A14: Rural+Urban | B14: 2017 | C14: January | D14: 1 | E14: 1871.1 | F14: =((E14-E2)/E2)*100 -> 2.419399 | G14: 1038.5 | H14: =((G14-G2)/G2)*100 -> 4.6242192 | I14: 248.8 | J14: =((I14-I2)/I2)*100 -> 5.2008457 | K14: 248.6 | L14: =((K14-K2)/K2)*100 -> 4.3222828 | M14: 130.3 | N14: =((M14-M2)/M2)*100 -> 3.1670625
A15: Rural+Urban | B15: 2017 | C15: February | D15: 2 | E15: 1866.7 | F15: =((E15-E3)/E3)*100 -> 2.9051819 | G15: 1041.9 | H15: =((G15-G3)/G3)*100 -> 4.5035105 | I15: 250 | J15: =((I15-I3)/I3)*100 -> 4.558762 | K15: 249.4 | L15: =((K15-K3)/K3)*100 -> 4.1771094 | M15: 130.6 | N15: =((M15-M3)/M3)*100 -> 3.6507937
A16: Rural+Urban | B16: 2017 | C16: March | D16: 3 | E16: 1864 | F16: =((E16-E4)/E4)*100 -> 2.8867914 | G16: 1046 | H16: =((G16-G4)/G4)*100 -> 4.7991183 | I16: 250.4 | J16: =((I16-I4)/I4)*100 -> 4.2464613 | K16: 250.1 | L16: =((K16-K4)/K4)*100 -> 4.2517716 | M16: 130.9 | N16: =((M16-M4)/M4)*100 -> 3.8888889
A17: Rural+Urban | B17: 2017 | C17: April | D17: 4 | E17: 1863.8 | F17: =((E17-E5)/E5)*100 -> 1.3816362 | G17: 1049.1 | H17: =((G17-G5)/G5)*100 -> 4.6588188 | I17: 251.2 | J17: =((I17-I5)/I5)*100 -> 4.1027766 | K17: 250.2 | L17: =((K17-K5)/K5)*100 -> 3.7743675 | M17: 131.1 | N17: =((M17-M5)/M5)*100 -> 2.9850746
A18: Rural+Urban | B18: 2017 | C18: May | D18: 5 | E18: 1865.8 | F18: =((E18-E6)/E6)*100 -> -0.12311975 | G18: 1050.7 | H18: =((G18-G6)/G6)*100 -> 4.4018283 | I18: 251.4 | J18: =((I18-I6)/I6)*100 -> 3.4993825 | K18: 251 | L18: =((K18-K6)/K6)*100 -> 3.6333609 | M18: 131.4 | N18: =((M18-M6)/M6)*100 -> 2.1772939
A19: Rural+Urban | B19: 2017 | C19: June | D19: 6 | E19: 1881.2 | F19: =((E19-E7)/E7)*100 -> -0.95298268 | G19: 1051 | H19: =((G19-G7)/G7)*100 -> 3.9359177 | I19: 251.9 | J19: =((I19-I7)/I7)*100 -> 3.449692 | K19: 251.4 | L19: =((K19-K7)/K7)*100 -> 3.3717105 | M19: 132 | N19: =((M19-M7)/M7)*100 -> 1.4604151
A20: Rural+Urban | B20: 2017 | C20: July | D20: 7 | E20: 1917.6 | F20: =((E20-E8)/E8)*100 -> -0.27043894 | G20: 1056.4 | H20: =((G20-G8)/G8)*100 -> 4.0583136 | I20: 253 | J20: =((I20-I8)/I8)*100 -> 3.2653061 | K20: 252.5 | L20: =((K20-K8)/K8)*100 -> 3.3565289 | M20: 134.2 | N20: =((M20-M8)/M8)*100 -> 2.3646072
A21: Rural+Urban | B21: 2017 | C21: August | D21: 8 | E21: 1933.6 | F21: =((E21-E9)/E9)*100 -> 0.80809134 | G21: 1064.5 | H21: =((G21-G9)/G9)*100 -> 4.506185 | I21: 254.7 | J21: =((I21-I9)/I9)*100 -> 3.410475 | K21: 254.1 | L21: =((K21-K9)/K9)*100 -> 3.7990196 | M21: 135.4 | N21: =((M21-M9)/M9)*100 -> 3.279939
A22: Rural+Urban | B22: 2017 | C22: September | D22: 9 | E22: 1920.8 | F22: =((E22-E10)/E10)*100 -> 0.84527747 | G22: 1070.2 | H22: =((G22-G10)/G10)*100 -> 4.6138807 | I22: 256.3 | J22: =((I22-I10)/I10)*100 -> 3.5555556 | K22: 255.4 | L22: =((K22-K10)/K10)*100 -> 3.9479039 | M22: 135.2 | N22: =((M22-M10)/M10)*100 -> 3.2849503
A23: Rural+Urban | B23: 2017 | C23: October | D23: 10 | E23: 1931.3 | F23: =((E23-E11)/E11)*100 -> 1.1893535 | G23: 1075.7 | H23: =((G23-G11)/G11)*100 -> 4.6298998 | I23: 257.5 | J23: =((I23-I11)/I11)*100 -> 3.7469782 | K23: 256.1 | L23: =((K23-K11)/K11)*100 -> 3.7262049 | M23: 136.1 | N23: =((M23-M11)/M11)*100 -> 3.5768645
A24: Rural+Urban | B24: 2017 | C24: November | D24: 11 | E24: 1961.4 | F24: =((E24-E12)/E12)*100 -> 3.1338732 | G24: 1084.8 | H24: =((G24-G12)/G12)*100 -> 5.1876273 | I24: 259.4 | J24: =((I24-I12)/I12)*100 -> 4.1767068 | K24: 257.3 | L24: =((K24-K12)/K12)*100 -> 3.8337369 | M24: 137.6 | N24: =((M24-M12)/M12)*100 -> 4.8780488
A25: Rural+Urban | B25: 2017 | C25: December | D25: 12 | E25: 1949.2 | F25: =((E25-E13)/E13)*100 -> 3.4717061 | G25: 1087.6 | H25: =((G25-G13)/G13)*100 -> 5.0922794 | I25: 259.6 | J25: =((I25-I13)/I13)*100 -> 4.6774194 | K25: 257.6 | L25: =((K25-K13)/K13)*100 -> 3.8291012 | M25: 137.2 | N25: =((M25-M13)/M13)*100 -> 5.2147239
... A89: Rural+Urban | B89: 2023 | C89: May | D89: 5 | E89: 2507.9 | F89: =((E89-E77)/E77)*100 -> 3.0785039 | G89: 1428.7 | H89: =((G89-G77)/G77)*100 -> 5.2992335 | I89: 370.9 | J89: =((I89-I77)/I77)*100 -> 8.0710956 | K89: 346.9 | L89: =((K89-K77)/K77)*100 -> 4.2994588 | M89: 179.1 | N89: =((M89-M77)/M77)*100 -> 4.3098427

Sheet Que2 Inflamation
A1: Sector | B1: Year | C1: Month | D1: Index | E1: Food and Beverages Inflamation | F1: Essential Inflamation | G1: Healthcare Inflamation | H1: Miscellaneous Inflamation | I1: General CPI Inflamation
A2: Rural+Urban | B2: 2017 | C2: January | D2: 1 | E2: 2.419399 | F2: 4.6242192 | G2: 5.2008457 | H2: 4.3222828 | I2: 3.1670625
A3: Rural+Urban | B3: 2017 | C3: February | D3: 2 | E3: 2.9051819 | F3: 4.5035105 | G3: 4.558762 | H3: 4.1771094 | I3: 3.6507937
A4: Rural+Urban | B4: 2017 | C4: March | D4: 3 | E4: 2.8867914 | F4: 4.7991183 | G4: 4.2464613 | H4: 4.2517716 | I4: 3.8888889
A5: Rural+Urban | B5: 2017 | C5: April | D5: 4 | E5: 1.3816362 | F5: 4.6588188 | G5: 4.1027766 | H5: 3.7743675 | I5: 2.9850746
A6: Rural+Urban | B6: 2017 | C6: May | D6: 5 | E6: -0.12311975 | F6: 4.4018283 | G6: 3.4993825 | H6: 3.6333609 | I6: 2.1772939
A7: Rural+Urban | B7: 2017 | C7: June | D7: 6 | E7: -0.95298268 | F7: 3.9359177 | G7: 3.449692 | H7: 3.3717105 | I7: 1.4604151
A8: Rural+Urban | B8: 2017 | C8: July | D8: 7 | E8: -0.27043894 | F8: 4.0583136 | G8: 3.2653061 | H8: 3.3565289 | I8: 2.3646072
A9: Rural+Urban | B9: 2017 | C9: August | D9: 8 | E9: 0.80809134 | F9: 4.506185 | G9: 3.410475 | H9: 3.7990196 | I9: 3.279939
A10: Rural+Urban | B10: 2017 | C10: September | D10: 9 | E10: 0.84527747 | F10: 4.6138807 | G10: 3.5555556 | H10: 3.9479039 | I10: 3.2849503
A11: Rural+Urban | B11: 2017 | C11: October | D11: 10 | E11: 1.1893535 | F11: 4.6298998 | G11: 3.7469782 | H11: 3.7262049 | I11: 3.5768645
A12: Rural+Urban | B12: 2017 | C12: November | D12: 11 | E12: 3.1338732 | F12: 5.1876273 | G12: 4.1767068 | H12: 3.8337369 | I12: 4.8780488
A13: Rural+Urban | B13: 2017 | C13: December | D13: 12 | E13: 3.4717061 | F13: 5.0922794 | G13: 4.6774194 | H13: 3.8291012 | I13: 5.2147239
... A77: Rural+Urban | B77: 2023 | C77: May | D77: 5 | E77: 3.0785039 | F77: 5.2992335 | G77: 8.0710956 | H77: 4.2994588 | I77: 4.3098427

Sheet Que2 Analysis
A3: Year | B3: Index | C3: Month | D3: Average of Food and Beverages Inflamation | F3: Year | G3: Index | H3: Month | I3: Average of Essential Inflamation | K3: Year | L3: Index | M3: Month | N3: Average of Healthcare Inflamation | P3: Year | Q3: Index | R3: Month | S3: Average of Miscellaneous Inflamation | U3: Year | V3: Index | W3: Month | X3: Average of General CPI Inflamation
A4: 2017 | B4: 1 | C4: January | D4: 2.419399 | F4: 2017 | G4: 1 | H4: January | I4: 4.6242192 | K4: 2017 | L4: 1 | M4: January | N4: 5.2008457 | P4: 2017 | Q4: 1 | R4: January | S4: 4.3222828 | U4: 2017 | V4: 1 | W4: January | X4: 3.1670625
B5: 2 | C5: February | D5: 2.9051819 | G5: 2 | H5: February | I5: 4.5035105 | L5: 2 | M5: February | N5: 4.558762 | Q5: 2 | R5: February | S5: 4.1771094 | V5: 2 | W5: February | X5: 3.6507937
B6: 3 | C6: March | D6: 2.8867914 | G6: 3 | H6: March | I6: 4.7991183 | L6: 3 | M6: March | N6: 4.2464613 | Q6: 3 | R6: March | S6: 4.2517716 | V6: 3 | W6: March | X6: 3.8888889
B7: 4 | C7: April | D7: 1.3816362 | G7: 4 | H7: April | I7: 4.6588188 | L7: 4 | M7: April | N7: 4.1027766 | Q7: 4 | R7: April | S7: 3.7743675 | V7: 4 | W7: April | X7: 2.9850746
B8: 5 | C8: May | D8: -0.12311975 | G8: 5 | H8: May | I8: 4.4018283 | L8: 5 | M8: May | N8: 3.4993825 | Q8: 5 | R8: May | S8: 3.6333609 | V8: 5 | W8: May | X8: 2.1772939
B9: 6 | C9: June | D9: -0.95298268 | G9: 6 | H9: June | I9: 3.9359177 | L9: 6 | M9: June | N9: 3.449692 | Q9: 6 | R9: June | S9: 3.3717105 | V9: 6 | W9: June | X9: 1.4604151
B10: 7 | C10: July | D10: -0.27043894 | G10: 7 | H10: July | I10: 4.0583136 | L10: 7 | M10: July | N10: 3.2653061 | Q10: 7 | R10: July | S10: 3.3565289 | V10: 7 | W10: July | X10: 2.3646072
B11: 8 | C11: August | D11: 0.80809134 | G11: 8 | H11: August | I11: 4.506185 | L11: 8 | M11: August | N11: 3.410475 | Q11: 8 | R11: August | S11: 3.7990196 | V11: 8 | W11: August | X11: 3.279939
B12: 9 | C12: September | D12: 0.84527747 | G12: 9 | H12: September | I12: 4.6138807 | L12: 9 | M12: September | N12: 3.5555556 | Q12: 9 | R12: September | S12: 3.9479039 | V12: 9 | W12: September | X12: 3.2849503
B13: 10 | C13: October | D13: 1.1893535 | G13: 10 | H13: October | I13: 4.6298998 | L13: 10 | M13: October | N13: 3.7469782 | Q13: 10 | R13: October | S13: 3.7262049 | V13: 10 | W13: October | X13: 3.5768645
B14: 11 | C14: November | D14: 3.1338732 | G14: 11 | H14: November | I14: 5.1876273 | L14: 11 | M14: November | N14: 4.1767068 | Q14: 11 | R14: November | S14: 3.8337369 | V14: 11 | W14: November | X14: 4.8780488
B15: 12 | C15: December | D15: 3.4717061 | G15: 12 | H15: December | I15: 5.0922794 | L15: 12 | M15: December | N15: 4.6774194 | Q15: 12 | R15: December | S15: 3.8291012 | V15: 12 | W15: December | X15: 5.2147239
A16: 2018 | B16: 1 | C16: January | D16: 3.3937256 | F16: 2018 | G16: 1 | H16: January | I16: 5.1035147 | K16: 2018 | L16: 1 | M16: January | N16: 4.7427653 | P16: 2018 | Q16: 1 | R16: January | S16: 4.1029767 | U16: 2018 | V16: 1 | W16: January | X16: 5.0652341
B17: 2 | C17: February | D17: 2.6035249 | G17: 2 | H17: February | I17: 5.0388713 | L17: 2 | M17: February | N17: 4.6 | Q17: 2 | R17: February | S17: 4.0497193 | V17: 2 | W17: February | X17: 4.4410413
B18: 3 | C18: March | D18: 2.5912017 | G18: 3 | H18: March | I18: 5.0191205 | L18: 3 | M18: March | N18: 4.8322684 | Q18: 3 | R18: March | S18: 4.2383047 | V18: 3 | W18: March | X18: 4.2780749
B19: 4 | C19: April | D19: 2.693422 | G19: 4 | H19: April | I19: 5.3569726 | L19: 4 | M19: April | N19: 5.2547771 | Q19: 4 | R19: April | S19: 4.9560352 | V19: 4 | W19: April | X19: 4.576659
B20: 5 | C20: May | D20: 2.7816486 | G20: 5 | H20: May | I20: 5.7009613 | L20: 5 | M20: May | N20: 5.7677009 | Q20: 5 | R20: May | S20: 5.1394422 | V20: 5 | W20: May | X20: 4.870624
B21: 6 | C21: June | D21: 2.721667 | G21: 6 | H21: June | I21: 6.0608944 | L21: 6 | M21: June | N21: 5.7165542 | Q21: 6 | R21: June | S21: 5.4892601 | V21: 6 | W21: June | X21: 4.9242424
B22: 7 | C22: July | D22: 1.8356279 | G22: 7 | H22: July | I22: 6.1151079 | L22: 7 | M22: July | N22: 5.5731225 | Q22: 7 | R22: July | S22: 5.4653465 | V22: 7 | W22: July | X22: 4.1728763
B23: 8 | C23: August | D23: 1.1894911 | G23: 8 | H23: August | I23: 5.9088774 | L23: 8 | M23: August | N23: 5.1433059 | Q23: 8 | R23: August | S23: 5.2735144 | V23: 8 | W23: August | X23: 3.6927622
B24: 9 | C24: September | D24: 0.93190337 | G24: 9 | H24: September | I24: 5.8493739 | L24: 9 | M24: September | N24: 5.072181 | Q24: 9 | R24: September | S24: 5.403289 | V24: 9 | W24: September | X24: 3.6982249
B25: 10 | C25: October | D25: 0.38833946 | G25: 10 | H25: October | I25: 6.1355396 | L25: 10 | M25: October | N25: 6.4466019 | Q25: 10 | R25: October | S25: 6.5208903 | V25: 10 | W25: October | X25: 3.4533431
B26: 11 | C26: November | D26: -1.1777302 | G26: 11 | H26: November | I26: 5.2083333 | L26: 11 | M26: November | N26: 5.6669237 | Q26: 11 | R26: November | S26: 6.0240964 | V26: 11 | W26: November | X26: 2.3255814
B27: 12 | C27: December | D27: -1.2004925 | G27: 12 | H27: December | I27: 4.854726 | L27: 12 | M27: December | N27: 6.7411402 | Q27: 12 | R27: December | S27: 6.2111801 | V27: 12 | W27: December | X27: 2.1137026
A28: 2019 | B28: 1 | C28: January | D28: -0.93042489 | F28: 2019 | G28: 1 | H28: January | I28: 4.1960605 | K28: 2019 | L28: 1 | M28: January | N28: 6.6385265 | P28: 2019 | Q28: 1 | R28: January | S28: 5.7187017 | U28: 2019 | V28: 1 | W28: January | X28: 1.9722425
B29: 2 | C29: February | D29: 0.27149794 | G29: 2 | H29: February | I29: 4.0478801 | L29: 2 | M29: February | N29: 6.959847 | Q29: 2 | R29: February | S29: 5.7803468 | V29: 2 | W29: February | X29: 2.5659824
B30: 3 | C30: March | D30: 0.73733201 | G30: 3 | H30: March | I30: 3.9508421 | L30: 3 | M30: March | N30: 6.5142857 | Q30: 3 | R30: March | S30: 5.6386651 | V30: 3 | W30: March | X30: 2.8571429
B31: 5 | C31: May | D31: 2.1943574 | G31: 5 | H31: May | I31: 3.7455894 | L31: 5 | M31: May | N31: 6.0136157 | Q31: 5 | R31: May | S31: 5.6359482 | V31: 5 | W31: May | X31: 3.5740336
B32: 6 | C32: June | D32: 3.1965375 | G32: 6 | H32: June | I32: 3.3585449 | L32: 6 | M32: June | N32: 5.9420835 | Q32: 6 | R32: June | S32: 5.4187192 | V32: 6 | W32: June | X32: 3.701016
B33: 7 | C33: July | D33: 3.6379632 | G33: 7 | H33: July | I33: 3.2295685 | L33: 7 | M33: July | N33: 6.4964326 | Q33: 7 | R33: July | S33: 5.5806938 | V33: 7 | W33: July | X33: 4.1155235
B34: 8 | C34: August | D34: 3.046907 | G34: 8 | H34: August | I34: 2.8456735 | L34: 8 | M34: August | N34: 7.4129539 | Q34: 8 | R34: August | S34: 5.5576418 | V34: 8 | W34: August | X34: 3.7195994
B35: 9 | C35: September | D35: 3.4549729 | G35: 9 | H35: September | I35: 2.4481107 | L35: 9 | M35: September | N35: 7.8043316 | Q35: 9 | R35: September | S35: 5.4205607 | V35: 9 | W35: September | X35: 3.8461538
B36: 10 | C36: October | D36: 5.880229 | G36: 10 | H36: October | I36: 2.2863701 | L36: 10 | M36: October | N36: 7.463795 | Q36: 10 | R36: October | S36: 5.0148588 | V36: 10 | W36: October | X36: 4.9928673
B37: 11 | C37: November | D37: 7.2209614 | G37: 11 | H37: November | I37: 1.8393624 | L37: 11 | M37: November | N37: 5.8737687 | Q37: 11 | R37: November | S37: 3.8856305 | V37: 11 | W37: November | X37: 5.5397727
B38: 12 | C38: December | D38: 9.0955992 | G38: 12 | H38: December | I38: 2.3744852 | L38: 12 | M38: December | N38: 6.0926669 | Q38: 12 | R38: December | S38: 4.398827 | V38: 12 | W38: December | X38: 6.8181818
A39: 2020 | B39: 1 | C39: January | D39: 9.5440856 | F39: 2020 | G39: 1 | H39: January | I39: 2.8498772 | K39: 2020 | L39: 1 | M39: January | N39: 5.918441 | P39: 2020 | Q39: 1 | R39: January | S39: 4.6052632 | U39: 2020 | V39: 1 | W39: January | X39: 7.2091363
B40: 2 | C40: February | D40: 8.6142127 | G40: 2 | H40: February | I40: 3.4819309 | L40: 2 | M40: February | N40: 6.1892767 | Q40: 2 | R40: February | S40: 4.8245614 | V40: 2 | W40: February | X40: 6.8051576
B41: 3 | C41: March | D41: 7.6073939 | G41: 3 | H41: March | I41: 3.5127777 | L41: 3 | M41: March | N41: 6.3639614 | Q41: 3 | R41: March | S41: 4.7358834 | V41: 3 | W41: March | X41: 6.2187277
B42: 4 | C42: April | D42: 10.034261 | G42: 4 | H42: April | I42: 2.8724056 | L42: 4 | M42: April | N42: 5.4005722 | Q42: 4 | R42: April | S42: 4.2120552 | V42: 4 | W42: April | X42: 6.1253561
B43: 5 | C43: May | D43: 7.00409 | G43: 5 | H43: May | I43: 2.642365 | L43: 5 | M43: May | N43: 5.9579022 | Q43: 5 | R43: May | S43: 3.4607066 | V43: 5 | W43: May | X43: 4.9295775
B44: 6 | C44: June | D44: 8.6558868 | G44: 6 | H44: June | I44: 3.031623 | L44: 6 | M44: June | N44: 8.6261981 | Q44: 6 | R44: June | S44: 6.1466571 | V44: 6 | W44: June | X44: 6.2281316
B45: 7 | C45: July | D45: 7.3700504 | G45: 7 | H45: July | I45: 2.780916 | L45: 7 | M45: July | N45: 7.8984485 | Q45: 7 | R45: July | S45: 5.4642857 | V45: 7 | W45: July | X45: 5.2704577
B46: 8 | C46: August | D46: 8.2244198 | G46: 8 | H46: August | I46: 3.4001214 | L46: 8 | M46: August | N46: 7.8075985 | Q46: 8 | R46: August | S46: 4.9448595 | V46: 8 | W46: August | X46: 6.137931
B47: 9 | C47: September | D47: 8.2600534 | G47: 9 | H47: September | I47: 3.4372294 | L47: 9 | M47: September | N47: 8.7634222 | Q47: 9 | R47: September | S47: 5.177305 | V47: 9 | W47: September | X47: 6.1042524
B48: 10 | C48: October | D48: 8.7786817 | G48: 10 | H48: October | I48: 3.3917321 | L48: 10 | M48: October | N48: 8.2584658 | Q48: 10 | R48: October | S48: 5.0229926 | V48: 10 | W48: October | X48: 6.25
B49: 11 | C49: November | D49: 9.6979026 | G49: 11 | H49: November | I49: 3.3628623 | L49: 11 | M49: November | N49: 8.2356995 | Q49: 11 | R49: November | S49: 5.539873 | V49: 11 | W49: November | X49: 6.5948856
B50: 12 | C50: December | D50: 8.5075192 | G50: 12 | H50: December | I50: 3.2865457 | L50: 12 | M50: December | N50: 8.4594223 | Q50: 12 | R50: December | S50: 5.2317416 | V50: 12 | W50: December | X50: 5.6515957
A51: 2021 | B51: 1 | C51: January | D51: 7.2715207 | F51: 2021 | G51: 1 | H51: January | I51: 3.3762469 | K51: 2021 | L51: 1 | M51: January | N51: 7.7001704 | P51: 2021 | Q51: 1 | R51: January | S51: 5.3459119 | U51: 2021 | V51: 1 | W51: January | X51: 4.7270306
B52: 2 | C52: February | D52: 7.0086948 | G52: 2 | H52: February | I52: 4.3504121 | L52: 2 | M52: February | N52: 7.4551 | Q52: 2 | R52: February | S52: 6.3110181 | V52: 2 | W52: February | X52: 5.0301811
B53: 3 | C53: March | D53: 7.785735 | G53: 3 | H53: March | I53: 4.7849326 | L53: 3 | M53: March | N53: 6.0504202 | Q53: 3 | R53: March | S53: 6.573913 | V53: 3 | W53: March | X53: 5.5181696
B54: 4 | C54: April | D54: 6.2839081 | G54: 4 | H54: April | I54: 5.5844045 | L54: 4 | M54: April | N54: 7.804547 | Q54: 4 | R54: April | S54: 7.1777003 | V54: 4 | W54: April | X54: 5.9060403
B55: 5 | C55: May | D55: 9.7754419 | G55: 5 | H55: May | I55: 7.0603229 | L55: 5 | M55: May | N55: 9.2255892 | Q55: 5 | R55: May | S55: 8.9198606 | V55: 5 | W55: May | X55: 7.6510067
B56: 6 | C56: June | D56: 8.1104962 | G56: 6 | H56: June | I56: 6.7219075 | L56: 6 | M56: June | N56: 6.2418301 | Q56: 6 | R56: June | S56: 5.8245852 | V56: 6 | W56: June | X56: 6.2582345
B57: 7 | C57: July | D57: 8.7383156 | G57: 7 | H57: July | I57: 7.5166991 | L57: 7 | M57: July | N57: 6.8954248 | Q57: 7 | R57: July | S57: 6.4341348 | V57: 7 | W57: July | X57: 7.0487484
B58: 8 | C58: August | D58: 7.1769676 | G58: 8 | H58: August | I58: 7.6251992 | L58: 8 | M58: August | N58: 6.1752344 | Q58: 8 | R58: August | S58: 7.6610169 | V58: 8 | W58: August | X58: 6.042885
B59: 9 | C59: September | D59: 6.5118189 | G59: 9 | H59: September | I59: 7.3993471 | L59: 9 | M59: September | N59: 4.5859873 | Q59: 9 | R59: September | S59: 7.1139582 | V59: 9 | W59: September | X59: 5.4945055
B60: 10 | C60: October | D60: 6.0593847 | G60: 10 | H60: October | I60: 7.8547579 | L60: 10 | M60: October | N60: 5.298436 | Q60: 10 | R60: October | S60: 7.6456719 | V60: 10 | W60: October | X60: 5.8184143
B61: 11 | C61: November | D61: 4.6746185 | G61: 11 | H61: November | I61: 7.9131303 | L61: 11 | M61: November | N61: 5.730659 | Q61: 11 | R61: November | S61: 7.3888332 | V61: 11 | W61: November | X61: 5.239899
B62: 12 | C62: December | D62: 3.4342994 | G62: 12 | H62: December | I62: 7.8886311 | L62: 12 | M62: December | N62: 5.6436271 | Q62: 12 | R62: December | S62: 7.6409743 | V62: 12 | W62: December | X62: 4.5940843
A63: 2022 | B63: 1 | C63: January | D63: 4.1272647 | F63: 2022 | G63: 1 | H63: January | I63: 8.0494845 | K63: 2022 | L63: 1 | M63: January | N63: 5.7893072 | P63: 2022 | Q63: 1 | R63: January | S63: 7.4295191 | U63: 2022 | V63: 1 | W63: January | X63: 5.3401144
B64: 2 | C64: February | D64: 5.6742683 | G64: 2 | H64: February | I64: 7.3283935 | L64: 2 | M64: February | N64: 6.1494797 | Q64: 2 | R64: February | S64: 6.7891112 | V64: 2 | W64: February | X64: 6.0664112
B65: 3 | C65: March | D65: 6.7519641 | G65: 3 | H65: March | I65: 7.4406931 | L65: 3 | M65: March | N65: 7.8288431 | Q65: 3 | R65: March | S65: 7.0169713 | V65: 3 | W65: March | X65: 6.9515306
B66: 4 | C66: April | D66: 6.8933375 | G66: 4 | H66: April | I66: 8.5140692 | L66: 4 | M66: April | N66: 7.9005351 | Q66: 4 | R66: April | S66: 7.6723017 | V66: 4 | W66: April | X66: 7.7946768
B67: 5 | C67: May | D67: 5.8931058 | G67: 5 | H67: May | I67: 7.6739941 | L67: 5 | M67: May | N67: 5.7953144 | Q67: 5 | R67: May | S67: 6.3979527 | V67: 5 | W67: May | X67: 7.0448878
B68: 6 | C68: June | D68: 5.6566439 | G68: 6 | H68: June | I68: 7.9305974 | L68: 6 | M68: June | N68: 6.0596739 | Q68: 6 | R68: June | S68: 6.656 | V68: 6 | W68: June | X68: 7.0055797
B69: 7 | C69: July | D69: 5.2476264 | G69: 7 | H69: July | I69: 8.1078956 | L69: 7 | M69: July | N69: 5.7169061 | Q69: 7 | R69: July | S69: 6.4906141 | V69: 7 | W69: July | X69: 6.7076923
B70: 8 | C70: August | D70: 5.5738829 | G70: 8 | H70: August | I70: 7.6539361 | L70: 8 | M70: August | N70: 5.9683313 | Q70: 8 | R70: August | S70: 5.7934509 | V70: 8 | W70: August | X70: 6.8014706
B71: 9 | C71: September | D71: 6.1137055 | G71: 9 | H71: September | I71: 8.2534487 | L71: 9 | M71: September | N71: 6.181486 | Q71: 9 | R71: September | S71: 6.1693421 | V71: 9 | W71: September | X71: 7.4142157
B72: 10 | C72: October | D72: 5.2951609 | G72: 10 | H72: October | I72: 8.0876093 | L72: 10 | M72: October | N72: 6.3352531 | Q72: 10 | R72: October | S72: 5.9762203 | V72: 10 | W72: October | X72: 6.7673716
B73: 11 | C73: November | D73: 4.4700461 | G73: 11 | H73: November | I73: 8.1502043 | L73: 11 | M73: November | N73: 6.4137308 | Q73: 11 | R73: November | S73: 5.7285181 | V73: 11 | W73: November | X73: 5.8788242
B74: 12 | C74: December | D74: 4.5253445 | G74: 12 | H74: December | I74: 8.0107527 | L74: 12 | M74: December | N74: 7.1128451 | Q74: 12 | R74: December | S74: 5.6726596 | V74: 12 | W74: December | X74: 5.7160048
A75: 2023 | B75: 1 | C75: January | D75: 5.7078594 | F75: 2023 | G75: 1 | H75: January | I75: 7.7169682 | K75: 2023 | L75: 1 | M75: January | N75: 7.9246411 | P75: 2023 | Q75: 1 | R75: January | S75: 5.6807657 | U75: 2023 | V75: 1 | W75: January | X75: 6.5178033
B76: 2 | C76: February | D76: 5.2931181 | G76: 2 | H76: February | I76: 7.6549579 | L76: 2 | M76: February | N76: 8.5561497 | Q76: 2 | R76: February | S76: 5.7739558 | V76: 2 | W76: February | X76: 6.6827213
B77: 3 | C77: March | D77: 4.2390344 | G77: 3 | H77: March | I77: 6.910324 | L77: 3 | M77: March | N77: 7.4074074 | Q77: 3 | R77: March | S77: 5.032022 | V77: 3 | W77: March | X77: 5.6648778
B78: 4 | C78: April | D78: 3.4050328 | G78: 4 | H78: April | I78: 5.8176685 | L78: 4 | M78: April | N78: 7.6429405 | Q78: 4 | R78: April | S78: 4.3780193 | V78: 4 | W78: April | X78: 4.7031158
B79: 5 | C79: May | D79: 3.0785039 | G79: 5 | H79: May | I79: 5.2992335 | L79: 5 | M79: May | N79: 8.0710956 | Q79: 5 | R79: May | S79: 4.2994588 | V79: 5 | W79: May | X79: 4.3098427

Sheet Que 3-12 months inflamation
A1: Sector | B1: Year | C1: Month | D1: Index | E1: Cereals and products | F1: Meat and fish | G1: Egg | H1: Milk and products | I1: Oils and fats | J1: Fruits | K1: Vegetables | L1: Pulses and products | M1: Sugar and Confectionery | N1: Spices | O1: Non-alcoholic beverages | P1: Prepared meals, snacks, sweets etc. | Q1: Food and beverages | R1: Pan, tobacco and intoxicants
A2: Rural | B2: 2022 | C2: May | D2: 5 | E2: 152.9 | F2: 214.7 | G2: 161.4 | H2: 164.6 | I2: 209.9 | J2: 168 | K2: 160.4 | L2: 165 | M2: 118.9 | N2: 186.6 | O2: 173.2 | P2: 180.4 | Q2: 170.8 | R2: 192.9
A3: Urban | B3: 2022 | C3: May | D3: 5 | E3: 156.7 | F3: 221.2 | G3: 164.1 | H3: 165.4 | I3: 189.5 | J3: 174.5 | K3: 203.2 | L3: 164.1 | M3: 121.2 | N3: 181.4 | O3: 158.5 | P3: 184.9 | Q3: 177.5 | R3: 197.5
A4: Rural+Urban | B4: 2022 | C4: May | D4: 5 | E4: 154.1 | F4: 217 | G4: 162.4 | H4: 164.9 | I4: 202.4 | J4: 171 | K4: 174.9 | L4: 164.7 | M4: 119.7 | N4: 184.9 | O4: 167.1 | P4: 182.5 | Q4: 173.3 | R4: 194.1
A5: Rural | B5: 2022 | C5: June | D5: 6 | E5: 153.8 | F5: 217.2 | G5: 169.6 | H5: 165.4 | I5: 208.1 | J5: 165.8 | K5: 167.3 | L5: 164.6 | M5: 119.1 | N5: 188.9 | O5: 174.2 | P5: 181.9 | Q5: 172.4 | R5: 192.9
A6: Urban | B6: 2022 | C6: June | D6: 6 | E6: 157.5 | F6: 223.4 | G6: 172.8 | H6: 166.4 | I6: 188.6 | J6: 174.1 | K6: 211.5 | L6: 163.6 | M6: 121.4 | N6: 183.5 | O6: 159.1 | P6: 186.3 | Q6: 179.3 | R6: 198.3
A7: Rural+Urban | B7: 2022 | C7: June | D7: 6 | E7: 155 | F7: 219.4 | G7: 170.8 | H7: 165.8 | I7: 200.9 | J7: 169.7 | K7: 182.3 | L7: 164.3 | M7: 119.9 | N7: 187.1 | O7: 167.9 | P7: 183.9 | Q7: 174.9 | R7: 194.3
A8: Rural | B8: 2022 | C8: July | D8: 7 | E8: 155.2 | F8: 210.8 | G8: 174.3 | H8: 166.3 | I8: 202.2 | J8: 169.6 | K8: 168.6 | L8: 164.4 | M8: 119.2 | N8: 191.8 | O8: 174.5 | P8: 183.1 | Q8: 172.5 | R8: 193.2
A9: Urban | B9: 2022 | C9: July | D9: 7 | E9: 159.3 | F9: 217.1 | G9: 176.6 | H9: 167.1 | I9: 184.8 | J9: 179.5 | K9: 208.5 | L9: 164 | M9: 121.5 | N9: 186.3 | O9: 159.8 | P9: 187.7 | Q9: 179.4 | R9: 198.6
A10: Rural+Urban | B10: 2022 | C10: July | D10: 7 | E10: 156.5 | F10: 213 | G10: 175.2 | H10: 166.6 | I10: 195.8 | J10: 174.2 | K10: 182.1 | L10: 164.3 | M10: 120 | N10: 190 | O10: 168.4 | P10: 185.2 | Q10: 175 | R10: 194.6
A11: Rural | B11: 2022 | C11: August | D11: 8 | E11: 159.5 | F11: 204.1 | G11: 168.3 | H11: 167.9 | I11: 198.1 | J11: 169.2 | K11: 173.1 | L11: 167.1 | M11: 120.2 | N11: 195.6 | O11: 174.8 | P11: 184 | Q11: 173.9 | R11: 193.7
A12: Urban | B12: 2022 | C12: August | D12: 8 | E12: 162.1 | F12: 210.9 | G12: 170.6 | H12: 168.4 | I12: 182.5 | J12: 177.1 | K12: 213.1 | L12: 167.3 | M12: 122.2 | N12: 189.7 | O12: 160.5 | P12: 188.9 | Q12: 180.4 | R12: 198.7
A13: Rural+Urban | B13: 2022 | C13: August | D13: 8 | E13: 160.3 | F13: 206.5 | G13: 169.2 | H13: 168.1 | I13: 192.4 | J13: 172.9 | K13: 186.7 | L13: 167.2 | M13: 120.9 | N13: 193.6 | O13: 168.8 | P13: 186.3 | Q13: 176.3 | R13: 195
... A40: Rural+Urban | B40: 2023 | C40: May | D40: 5 | E40: 173.7 | F40: 214.3 | G40: 173.2 | H40: 179.5 | I40: 170 | J40: 172.2 | K40: 161 | L40: 175.6 | M40: 122.7 | N40: 218 | O40: 173.4 | P40: 194.2 | Q40: 179.1 | R40: 201

Sheet Que-3Grouping inflamation Rural
A1: Month | B1: Index | C1: Proteins | D1: Inflamation proteins | E1: Beverages | F1: Inflamation Beverages | G1: Fruits and vegetables | H1: Inflamation Fruits and vegetables | I1: Spices | J1: Inflamation Spices | W1: Month | X1: Index | Y1: Inflamation proteins | Z1: Inflamation Beverages | AA1: Inflamation Fruits and vegetables | AB1: Inflamation Spices
A2: May | B2: 5 | C2: 694 | E2: 718.5 | G2: 701.7 | I2: 305.5 | W2: June | X2: 6 | Y2: 1.6138329 | Z2: 0.22268615 | AA2: 0.88356848 | AB2: 0.81833061
A3: June | B3: 6 | C3: 705.2 | D3: =((C3-C2)/C2)*100 -> 1.6138329 | E3: 720.1 | F3: =((E3-E2)/E2)*100 -> 0.22268615 | G3: 707.9 | H3: =((G3-G2)/G2)*100 -> 0.88356848 | I3: 308 | J3: =((I3-I2)/I2)*100 -> 0.81833061 | W3: July | X3: 7 | Y3: -0.070901872 | Z3: -0.63880017 | AA3: 0.93233508 | AB3: 0.97402597
A4: July | B4: 7 | C4: 704.7 | D4: =((C4-C3)/C3)*100 -> -0.070901872 | E4: 715.5 | F4: =((E4-E3)/E3)*100 -> -0.63880017 | G4: 714.5 | H4: =((G4-G3)/G3)*100 -> 0.93233508 | I4: 311 | J4: =((I4-I3)/I3)*100 -> 0.97402597 | W4: August | X4: 8 | Y4: -0.80885483 | Z4: -0.11180992 | AA4: 0.76976907 | AB4: 1.5434084
A5: August | B5: 8 | C5: 699 | D5: =((C5-C4)/C4)*100 -> -0.80885483 | E5: 714.7 | F5: =((E5-E4)/E4)*100 -> -0.11180992 | G5: 720 | H5: =((G5-G4)/G4)*100 -> 0.76976907 | I5: 315.8 | J5: =((I5-I4)/I4)*100 -> 1.5434084 | W5: September | X5: 9 | Y5: 1.230329 | Z5: -0.027983769 | AA5: 0.041666667 | AB5: 1.2982901
A6: September | B6: 9 | C6: 707.6 | D6: =((C6-C5)/C5)*100 -> 1.230329 | E6: 714.5 | F6: =((E6-E5)/E5)*100 -> -0.027983769 | G6: 720.3 | H6: =((G6-G5)/G5)*100 -> 0.041666667 | I6: 319.9 | J6: =((I6-I5)/I5)*100 -> 1.2982901 | W6: October | X6: 10 | Y6: 0.83380441 | Z6: 0.16794962 | AA6: 0.99958351 | AB6: 0.87527352
A7: October | B7: 10 | C7: 713.5 | D7: =((C7-C6)/C6)*100 -> 0.83380441 | E7: 715.7 | F7: =((E7-E6)/E6)*100 -> 0.16794962 | G7: 727.5 | H7: =((G7-G6)/G6)*100 -> 0.99958351 | I7: 322.7 | J7: =((I7-I6)/I6)*100 -> 0.87527352 | W7: November | X7: 11 | Y7: 1.5416959 | Z7: 0.50300405 | AA7: -1.9793814 | AB7: 1.1155872
A8: November | B8: 11 | C8: 724.5 | D8: =((C8-C7)/C7)*100 -> 1.5416959 | E8: 719.3 | F8: =((E8-E7)/E7)*100 -> 0.50300405 | G8: 713.1 | H8: =((G8-G7)/G7)*100 -> -1.9793814 | I8: 326.3 | J8: =((I8-I7)/I7)*100 -> 1.1155872 | W8: December | X8: 12 | Y8: 1.4906832 | Z8: -0.11121924 | AA8: -3.169261 | AB8: 0.73551946
A9: December | B9: 12 | C9: 735.3 | D9: =((C9-C8)/C8)*100 -> 1.4906832 | E9: 718.5 | F9: =((E9-E8)/E8)*100 -> -0.11121924 | G9: 690.5 | H9: =((G9-G8)/G8)*100 -> -3.169261 | I9: 328.7 | J9: =((I9-I8)/I8)*100 -> 0.73551946 | W9: January | X9: 1 | Y9: 1.4415885 | Z9: 0.041753653 | AA9: -0.85445329 | AB9: 0.63888044
A10: January | B10: 1 | C10: 745.9 | D10: =((C10-C9)/C9)*100 -> 1.4415885 | E10: 718.8 | F10: =((E10-E9)/E9)*100 -> 0.041753653 | G10: 684.6 | H10: =((G10-G9)/G9)*100 -> -0.85445329 | I10: 330.8 | J10: =((I10-I9)/I9)*100 -> 0.63888044 | W10: February | X10: 2 | Y10: -2.9762703 | Z10: -0.83472454 | AA10: 1.7090272 | AB10: 0.12091898
A11: February | B11: 2 | C11: 723.7 | D11: =((C11-C10)/C10)*100 -> -2.9762703 | E11: 712.8 | F11: =((E11-E10)/E10)*100 -> -0.83472454 | G11: 696.3 | H11: =((G11-G10)/G10)*100 -> 1.7090272 | I11: 331.2 | J11: =((I11-I10)/I10)*100 -> 0.12091898 | W11: March | X11: 3 | Y11: 0.027635761 | Z11: -0.014029181 | AA11: 0.014361626 | AB11: 0
A12: March | B12: 3 | C12: 723.9 | D12: =((C12-C11)/C11)*100 -> 0.027635761 | E12: 712.7 | F12: =((E12-E11)/E11)*100 -> -0.014029181 | G12: 696.4 | H12: =((G12-G11)/G11)*100 -> 0.014361626 | I12: 331.2 | J12: =((I12-I11)/I11)*100 -> 0 | W12: April | X12: 4 | Y12: -0.41442188 | Z12: -0.32271643 | AA12: 1.4503159 | AB12: 1.4190821
A13: April | B13: 4 | C13: 720.9 | D13: =((C13-C12)/C12)*100 -> -0.41442188 | E13: 710.4 | F13: =((E13-E12)/E12)*100 -> -0.32271643 | G13: 706.5 | H13: =((G13-G12)/G12)*100 -> 1.4503159 | I13: 335.9 | J13: =((I13-I12)/I12)*100 -> 1.4190821 | W13: May | X13: 5 | Y13: 1.3455403 | Z13: -0.28153153 | AA13: 0.3113942 | AB13: 2.0839536
A14: May | B14: 5 | C14: 730.6 | D14: =((C14-C13)/C13)*100 -> 1.3455403 | E14: 708.4 | F14: =((E14-E13)/E13)*100 -> -0.28153153 | G14: 708.7 | H14: =((G14-G13)/G13)*100 -> 0.3113942 | I14: 342.9 | J14: =((I14-I13)/I13)*100 -> 2.0839536
A15: Change | D15: 0.43788842 | F15: -0.11728511 | H15: 0.092410499 | J15: 0.96860586
D16: =SUM(D3:D14) -> 5.2546611 | F16: =SUM(F3:F14) -> -1.4074213 | H16: =SUM(H3:H14) -> 1.108926 | J16: =SUM(J3:J14) -> 11.62327
A17: Change | D17: =AVERAGE(D3:D14) -> 0.43788842 | F17: =AVERAGE(F3:F14) -> -0.11728511 | H17: =AVERAGE(H3:H14) -> 0.092410499 | J17: =AVERAGE(J3:J14) -> 0.96860586
B22: Month | C22: Index | D22: Inflamation proteins | E22: Inflamation Beverages | F22: Inflamation Fruits and vegetables | G22: Inflamation Spices
B23: June | C23: 6 | D23: 1.6138329 | E23: 0.22268615 | F23: 0.88356848 | G23: 0.81833061
B24: July | C24: 7 | D24: -0.070901872 | E24: -0.63880017 | F24: 0.93233508 | G24: 0.97402597
B25: August | C25: 8 | D25: -0.80885483 | E25: -0.11180992 | F25: 0.76976907 | G25: 1.5434084
B26: September | C26: 9 | D26: 1.230329 | E26: -0.027983769 | F26: 0.041666667 | G26: 1.2982901
B27: October | C27: 10 | D27: 0.83380441 | E27: 0.16794962 | F27: 0.99958351 | G27: 0.87527352
B28: November | C28: 11 | D28: 1.5416959 | E28: 0.50300405 | F28: -1.9793814 | G28: 1.1155872
B29: December | C29: 12 | D29: 1.4906832 | E29: -0.11121924 | F29: -3.169261 | G29: 0.73551946
B30: January | C30: 1 | D30: 1.4415885 | E30: 0.041753653 | F30: -0.85445329 | G30: 0.63888044
B31: February | C31: 2 | D31: -2.9762703 | E31: -0.83472454 | F31: 1.7090272 | G31: 0.12091898
B32: March | C32: 3 | D32: 0.027635761 | E32: -0.014029181 | F32: 0.014361626 | G32: 0
B33: April | C33: 4 | D33: -0.41442188 | E33: -0.32271643 | F33: 1.4503159 | G33: 1.4190821
B34: May | C34: 5 | D34: 1.3455403 | E34: -0.28153153 | F34: 0.3113942 | G34: 2.0839536
B35: Change | D35: 0.43788842 | E35: -0.11728511 | F35: 0.092410499 | G35: 0.96860586
D41: Month | E41: Index
D42: May | E42: 5 | W42: Insights
D43: June | E43: 6 | W43: Fruits and vegetables have highest inflamation October
D44: July | E44: 7 | W44: February has the lowest inflamation as there is decrease in the Protein and beverages prices
D45: August | E45: 8 | W45: Overall in the Month of May there is highest Inflamation due to price rise in spices and protein
D46: September | E46: 9
D47: October | E47: 10
D48: November | E48: 11
D49: December | E49: 12
D50: January | E50: 1
D51: February | E51: 2
D52: March | E52: 3
D53: April | E53: 4
D54: May | E54: 5

Sheet Que3-Urban Inflamation
A1: Month | B1: Protein | C1: Inflamation Protein | D1: Beverages | E1: Inflamation Beverages | F1: Fruits and vegetables | G1: Inflamation Fruits and vegetables | H1: Spices | I1: Inflamation Spices
A2: May | B2: 706.1 | D2: 690.9 | F2: 760.1 | H2: 302.6
A3: June | B3: 717.3 | C3: =((B3-B2)/B2)*100 -> 1.5861776 | D3: 693.4 | E3: =((D3-D2)/D2)*100 -> 0.36184687 | F3: 770.2 | G3: =((F3-F2)/F2)*100 -> 1.3287725 | H3: 304.9 | I3: =((H3-H2)/H2)*100 -> 0.76007931
A4: July | B4: 717 | C4: =((B4-B3)/B3)*100 -> -0.041823505 | D4: 691.1 | E4: =((D4-D3)/D3)*100 -> -0.33169888 | F4: 774.3 | G4: =((F4-F3)/F3)*100 -> 0.53232927 | H4: 307.8 | I4: =((H4-H3)/H3)*100 -> 0.95113152
A5: August | B5: 710.9 | C5: =((B5-B4)/B4)*100 -> -0.85076709 | D5: 691.8 | E5: =((D5-D4)/D4)*100 -> 0.1012878 | F5: 777.8 | G5: =((F5-F4)/F4)*100 -> 0.45202118 | H5: 311.9 | I5: =((H5-H4)/H4)*100 -> 1.3320338
A6: September | B6: 718.7 | C6: =((B6-B5)/B5)*100 -> 1.0972007 | D6: 692.3 | E6: =((D6-D5)/D5)*100 -> 0.072275224 | F6: 778.4 | G6: =((F6-F5)/F5)*100 -> 0.077140653 | H6: 316.7 | I6: =((H6-H5)/H5)*100 -> 1.5389548
A7: October | B7: 723.1 | C7: =((B7-B6)/B6)*100 -> 0.6122165 | D7: 693.6 | E7: =((D7-D6)/D6)*100 -> 0.18777986 | F7: 785.9 | G7: =((F7-F6)/F6)*100 -> 0.9635149 | H7: 319.8 | I7: =((H7-H6)/H6)*100 -> 0.97884433
A8: November | B8: 736 | C8: =((B8-B7)/B7)*100 -> 1.7839856 | D8: 695.7 | E8: =((D8-D7)/D7)*100 -> 0.30276817 | F8: 761.1 | G8: =((F8-F7)/F7)*100 -> -3.1556178 | H8: 322.2 | I8: =((H8-H7)/H7)*100 -> 0.75046904
A9: December | B9: 746.3 | C9: =((B9-B8)/B8)*100 -> 1.3994565 | D9: 694.4 | E9: =((D9-D8)/D8)*100 -> -0.18686215 | F9: 732.6 | G9: =((F9-F8)/F8)*100 -> -3.7445802 | H9: 323.6 | I9: =((H9-H8)/H8)*100 -> 0.43451273
A10: January | B10: 756.7 | C10: =((B10-B9)/B9)*100 -> 1.3935415 | D10: 696.4 | E10: =((D10-D9)/D9)*100 -> 0.28801843 | F10: 731.7 | G10: =((F10-F9)/F9)*100 -> -0.12285012 | H10: 327 | I10: =((H10-H9)/H9)*100 -> 1.0506799
A11: February | B11: 736.3 | C11: =((B11-B10)/B10)*100 -> -2.6959165 | D11: 695.7 | E11: =((D11-D10)/D10)*100 -> -0.10051694 | F11: 747.2 | G11: =((F11-F10)/F10)*100 -> 2.1183545 | H11: 326.7 | I11: =((H11-H10)/H10)*100 -> -0.091743119
A12: March | B12: 736.3 | C12: =((B12-B11)/B11)*100 -> 0 | D12: 695.8 | E12: =((D12-D11)/D11)*100 -> 0.014374012 | F12: 747.3 | G12: =((F12-F11)/F11)*100 -> 0.013383298 | H12: 326.7 | I12: =((H12-H11)/H11)*100 -> 0
A13: April | B13: 735.6 | C13: =((B13-B12)/B12)*100 -> -0.095069944 | D13: 695.1 | E13: =((D13-D12)/D12)*100 -> -0.10060362 | F13: 759.6 | G13: =((F13-F12)/F12)*100 -> 1.6459253 | H13: 330.9 | I13: =((H13-H12)/H12)*100 -> 1.2855831
A14: May | B14: 747.7 | C14: =((B14-B13)/B13)*100 -> 1.6449157 | D14: 692.8 | E14: =((D14-D13)/D13)*100 -> -0.33088764 | F14: 762.7 | G14: =((F14-F13)/F13)*100 -> 0.40810953 | H14: 336.1 | I14: =((H14-H13)/H13)*100 -> 1.5714717
A18: Month | B18: Inflamation Protein | C18: Inflamation Beverages | D18: Inflamation Fruits and vegetables | E18: Inflamation Spices
A19: June | B19: 1.5861776 | C19: 0.36184687 | D19: 1.3287725 | E19: 0.76007931
A20: July | B20: -0.041823505 | C20: -0.33169888 | D20: 0.53232927 | E20: 0.95113152
A21: August | B21: -0.85076709 | C21: 0.1012878 | D21: 0.45202118 | E21: 1.3320338
A22: September | B22: 1.0972007 | C22: 0.072275224 | D22: 0.077140653 | E22: 1.5389548
A23: October | B23: 0.6122165 | C23: 0.18777986 | D23: 0.9635149 | E23: 0.97884433
A24: November | B24: 1.7839856 | C24: 0.30276817 | D24: -3.1556178 | E24: 0.75046904
A25: December | B25: 1.3994565 | C25: -0.18686215 | D25: -3.7445802 | E25: 0.43451273
A26: January | B26: 1.3935415 | C26: 0.28801843 | D26: -0.12285012 | E26: 1.0506799
A27: February | B27: -2.6959165 | C27: -0.10051694 | D27: 2.1183545 | E27: -0.091743119
A28: March | B28: 0 | C28: 0.014374012 | D28: 0.013383298 | E28: 0
A29: April | B29: -0.095069944 | C29: -0.10060362 | D29: 1.6459253 | E29: 1.2855831
A30: May | B30: 1.6449157 | C30: -0.33088764 | D30: 0.40810953 | E30: 1.5714717
B55: Insights
B56: Fruits and Vegetable category is the most volatile category
B57: In the Month of November and December there is a major drop in fruits and vegetables
B58: Beverages have minimal Impact we can see there is slow and steady rise and drop
B59: There is a rise in Beverages in the month of June and November whereas drop in the month of July, December, February, April and May
B60: There is also flucuation in the protein prices. February has shart decline in Protein Prices but the prices go up again in April and May
B61: Overall the month June has the highest inflamation rate

Sheet Que 3Rural + Urban Inflamationt
A1: Month | B1: Proteins | C1: Inflamation Proteins | D1: Beverages | E1: Inflamation Beverages | F1: Fruits and vegetables | G1: Inflamation Fruits and vegetables | H1: Spices | I1: Inflamation Spices
A2: May | B2: 698.2 | D2: 707.7 | F2: 722.5 | H2: 304.6
A3: June | B3: 709.5 | C3: =((B3-B2)/B2)*100 -> 1.6184474 | D3: 709.5 | E3: =((D3-D2)/D2)*100 -> 0.25434506 | F3: 730.2 | G3: =((F3-F2)/F2)*100 -> 1.0657439 | H3: 307 | I3: =((H3-H2)/H2)*100 -> 0.78791858
A4: July | B4: 709 | C4: =((B4-B3)/B3)*100 -> -0.070472163 | D4: 705.8 | E4: =((D4-D3)/D3)*100 -> -0.52149401 | F4: 736.1 | G4: =((F4-F3)/F3)*100 -> 0.80799781 | H4: 310 | I4: =((H4-H3)/H3)*100 -> 0.9771987
A5: August | B5: 703.2 | C5: =((B5-B4)/B4)*100 -> -0.8180536 | D5: 705.6 | E5: =((D5-D4)/D4)*100 -> -0.028336639 | F5: 740.9 | G5: =((F5-F4)/F4)*100 -> 0.65208531 | H5: 314.5 | I5: =((H5-H4)/H4)*100 -> 1.4516129
A6: September | B6: 711.5 | C6: =((B6-B5)/B5)*100 -> 1.1803185 | D6: 705.6 | E6: =((D6-D5)/D5)*100 -> 0 | F6: 740.8 | G6: =((F6-F5)/F5)*100 -> -0.013497098 | H6: 318.9 | I6: =((H6-H5)/H5)*100 -> 1.3990461
A7: October | B7: 716.8 | C7: =((B7-B6)/B6)*100 -> 0.74490513 | D7: 706.9 | E7: =((D7-D6)/D6)*100 -> 0.18424036 | F7: 748.1 | G7: =((F7-F6)/F6)*100 -> 0.98542117 | H7: 321.8 | I7: =((H7-H6)/H6)*100 -> 0.90937598
A8: November | B8: 728.7 | C8: =((B8-B7)/B7)*100 -> 1.6601563 | D8: 709.9 | E8: =((D8-D7)/D7)*100 -> 0.42438817 | F8: 730.2 | G8: =((F8-F7)/F7)*100 -> -2.3927282 | H8: 324.9 | I8: =((H8-H7)/H7)*100 -> 0.96333126
A9: December | B9: 739.2 | C9: =((B9-B8)/B8)*100 -> 1.4409222 | D9: 709 | E9: =((D9-D8)/D8)*100 -> -0.12677842 | F9: 705.5 | G9: =((F9-F8)/F8)*100 -> -3.3826349 | H9: 327 | I9: =((H9-H8)/H8)*100 -> 0.64635272
A10: January | B10: 749.9 | C10: =((B10-B9)/B9)*100 -> 1.4475108 | D10: 709.9 | E10: =((D10-D9)/D9)*100 -> 0.12693935 | F10: 701.6 | G10: =((F10-F9)/F9)*100 -> -0.55279943 | H10: 329.5 | I10: =((H10-H9)/H9)*100 -> 0.76452599
A11: February | B11: 728.3 | C11: =((B11-B10)/B10)*100 -> -2.8803841 | D11: 705.9 | E11: =((D11-D10)/D10)*100 -> -0.56345964 | F11: 714.7 | G11: =((F11-F10)/F10)*100 -> 1.8671608 | H11: 329.7 | I11: =((H11-H10)/H10)*100 -> 0.060698027
A12: March | B12: 728.4 | C12: =((B12-B11)/B11)*100 -> 0.013730606 | D12: 705.8 | E12: =((D12-D11)/D11)*100 -> -0.014166313 | F12: 714.8 | G12: =((F12-F11)/F11)*100 -> 0.013991885 | H12: 329.7 | I12: =((H12-H11)/H11)*100 -> 0
A13: April | B13: 726.1 | C13: =((B13-B12)/B12)*100 -> -0.31576057 | D13: 704.1 | E13: =((D13-D12)/D12)*100 -> -0.24086143 | F13: 725.8 | G13: =((F13-F12)/F12)*100 -> 1.538892 | H13: 334.2 | I13: =((H13-H12)/H12)*100 -> 1.3648772
A14: May | B14: 736.8 | C14: =((B14-B13)/B13)*100 -> 1.4736262 | D14: 702 | E14: =((D14-D13)/D13)*100 -> -0.29825309 | F14: 728.4 | G14: =((F14-F13)/F13)*100 -> 0.35822541 | H14: 340.7 | I14: =((H14-H13)/H13)*100 -> 1.9449431
A18: Month | B18: Inflamation Proteins | C18: Inflamation Beverages | D18: Inflamation Fruits and vegetables | E18: Inflamation Spices
A19: June | B19: 1.6184474 | C19: 0.25434506 | D19: 1.0657439 | E19: 0.78791858
A20: July | B20: -0.070472163 | C20: -0.52149401 | D20: 0.80799781 | E20: 0.9771987
A21: August | B21: -0.8180536 | C21: -0.028336639 | D21: 0.65208531 | E21: 1.4516129
A22: September | B22: 1.1803185 | C22: 0 | D22: -0.013497098 | E22: 1.3990461
A23: October | B23: 0.74490513 | C23: 0.18424036 | D23: 0.98542117 | E23: 0.90937598
A24: November | B24: 1.6601563 | C24: 0.42438817 | D24: -2.3927282 | E24: 0.96333126
A25: December | B25: 1.4409222 | C25: -0.12677842 | D25: -3.3826349 | E25: 0.64635272
A26: January | B26: 1.4475108 | C26: 0.12693935 | D26: -0.55279943 | E26: 0.76452599
A27: February | B27: -2.8803841 | C27: -0.56345964 | D27: 1.8671608 | E27: 0.060698027
A28: March | B28: 0.013730606 | C28: -0.014166313 | D28: 0.013991885 | E28: 0
A29: April | B29: -0.31576057 | C29: -0.24086143 | D29: 1.538892 | E29: 1.3648772
A30: May | B30: 1.4736262 | C30: -0.29825309 | D30: 0.35822541 | E30: 1.9449431
C61: Insights
C62: The food is highly inflamated by Fruit and vegetables, Protein categories
C63: There is drop in prices for Proteins in February whereas November has highest inflamation
C64: May has the highest Spike in inflamation in theSpice category
C65: Overall the Month May has the highest inflamation

Sheet Que 4 Covid grouping
E1: Food and Beverages | F1: Food and Beverages | G1: Food and Beverages | H1: Food and Beverages | I1: Food and Beverages | J1: Food and Beverages | K1: Food and Beverages | L1: Food and Beverages | M1: Food and Beverages | N1: Food and Beverages | O1: Food and Beverages | P1: Food and Beverages | Q1: Food and Beverages | R1: Food and Beverages | T1: Essential | U1: Essential | V1: Essential | W1: Essential | X1: Essential | Y1: Essential | Z1: Essential | AA1: Essential | AC1: Healthcare | AD1: Healthcare | AF1: Miscellaneous | AG1: Miscellaneous | AI1: Miscellaneous
A2: Sector | B2: Year | C2: Month | D2: Index | E2: Cereals and products | F2: Meat and fish | G2: Egg | H2: Milk and products | I2: Oils and fats | J2: Fruits | K2: Vegetables | L2: Pulses and products | M2: Sugar and Confectionery | N2: Spices | O2: Non-alcoholic beverages | P2: Prepared meals, snacks, sweets etc. | Q2: Food and beverages | R2: Pan, tobacco and intoxicants | S2: Food and Beverages | T2: Housing Clean | U2: Clothing | V2: Footwear | W2: Clothing and footwear | X2: Fuel and light | Y2: Household goods and services | Z2: Transport and communication | AA2: Education | AB2: Essential | AC2: Health | AD2: Personal care and effects | AE2: Healthcare | AF2: Recreation and amusement | AG2: Miscellaneous | AH2: Miscellaneous | AI2: General index
A3: Rural+Urban | B3: 2016 | C3: December | D3: 12 | E3: 132.3 | F3: 137.6 | G3: 132.9 | H3: 135.1 | I3: 118.6 | J3: 132.7 | K3: 125.3 | L3: 168.7 | M3: 114.4 | N3: 140.2 | O3: 126.6 | P3: 142.3 | Q3: 134 | R3: 143.1 | S3: =SUM(E3:R3) -> 1883.8 | T3: 128.5 | U3: 136.3 | V3: 129.8 | W3: 135.4 | X3: 126.6 | Y3: 129.2 | Z3: 116 | AA3: 133.1 | AB3: =SUM(T3:AA3) -> 1034.9 | AC3: 126.9 | AD3: 121.1 | AE3: =SUM(AC3:AD3) -> 248 | AF3: 124.2 | AG3: 123.9 | AH3: =SUM(AF3:AG3) -> 248.1 | AI3: 130.4
A4: Rural+Urban | B4: 2017 | C4: January | D4: 1 | E4: 132.8 | F4: 138.2 | G4: 132.2 | H4: 135.4 | I4: 119.1 | J4: 133 | K4: 119.4 | L4: 159.5 | M4: 115.6 | N4: 139.6 | O4: 126.6 | P4: 142.8 | Q4: 133.1 | R4: 143.8 | S4: =SUM(E4:R4) -> 1871.1 | T4: 129.6 | U4: 136.6 | V4: 130.2 | W4: 135.6 | X4: 126.8 | Y4: 129.4 | Z4: 117 | AA4: 133.3 | AB4: =SUM(T4:AA4) -> 1038.5 | AC4: 127.1 | AD4: 121.7 | AE4: =SUM(AC4:AD4) -> 248.8 | AF4: 124.2 | AG4: 124.4 | AH4: =SUM(AF4:AG4) -> 248.6 | AI4: 130.3
A5: Rural+Urban | B5: 2017 | C5: February | D5: 2 | E5: 133.1 | F5: 138.8 | G5: 129.3 | H5: 135.8 | I5: 119.2 | J5: 135.3 | K5: 119.5 | L5: 152.2 | M5: 117.3 | N5: 138.7 | O5: 126.9 | P5: 143.2 | Q5: 133 | R5: 144.4 | S5: =SUM(E5:R5) -> 1866.7 | T5: 130.5 | U5: 136.8 | V5: 130.3 | W5: 135.9 | X5: 127.9 | Y5: 129.7 | Z5: 117.4 | AA5: 133.4 | AB5: =SUM(T5:AA5) -> 1041.9 | AC5: 127.4 | AD5: 122.6 | AE5: =SUM(AC5:AD5) -> 250 | AF5: 124.6 | AG5: 124.8 | AH5: =SUM(AF5:AG5) -> 249.4 | AI5: 130.6
A6: Rural+Urban | B6: 2017 | C6: March | D6: 3 | E6: 133.3 | F6: 139 | G6: 128.6 | H6: 136.3 | I6: 118.8 | J6: 138.3 | K6: 120.5 | L6: 143.9 | M6: 118 | N6: 137.9 | O6: 127.2 | P6: 144 | Q6: 133.1 | R6: 145.1 | S6: =SUM(E6:R6) -> 1864 | T6: 131.1 | U6: 137.3 | V6: 130.6 | W6: 136.4 | X6: 129.1 | Y6: 130.1 | Z6: 117.6 | AA6: 133.8 | AB6: =SUM(T6:AA6) -> 1046 | AC6: 127.8 | AD6: 122.6 | AE6: =SUM(AC6:AD6) -> 250.4 | AF6: 125 | AG6: 125.1 | AH6: =SUM(AF6:AG6) -> 250.1 | AI6: 130.9
A7: Rural+Urban | B7: 2017 | C7: April | D7: 4 | E7: 133 | F7: 139.4 | G7: 126.1 | H7: 137.2 | I7: 118.4 | J7: 139.9 | K7: 123.4 | L7: 140.9 | M7: 118.5 | N7: 136.5 | O7: 127.4 | P7: 144.2 | Q7: 133.5 | R7: 145.4 | S7: =SUM(E7:R7) -> 1863.8 | T7: 131.7 | U7: 138 | V7: 131.1 | W7: 137 | X7: 129.8 | Y7: 130.4 | Z7: 116.6 | AA7: 134.5 | AB7: =SUM(T7:AA7) -> 1049.1 | AC7: 128.1 | AD7: 123.1 | AE7: =SUM(AC7:AD7) -> 251.2 | AF7: 125.1 | AG7: 125.1 | AH7: =SUM(AF7:AG7) -> 250.2 | AI7: 131.1
A8: Rural+Urban | B8: 2017 | C8: May | D8: 5 | E8: 132.9 | F8: 141.6 | G8: 126.3 | H8: 137.7 | I8: 118.1 | J8: 137.9 | K8: 125.6 | L8: 138.3 | M8: 119.4 | N8: 136 | O8: 127.6 | P8: 144.5 | Q8: 133.7 | R8: 146.2 | S8: =SUM(E8:R8) -> 1865.8 | T8: 132.1 | U8: 138.2 | V8: 131.4 | W8: 137.2 | X8: 129.4 | Y8: 130.9 | Z8: 116.7 | AA8: 134.8 | AB8: =SUM(T8:AA8) -> 1050.7 | AC8: 128.4 | AD8: 123 | AE8: =SUM(AC8:AD8) -> 251.4 | AF8: 125.7 | AG8: 125.3 | AH8: =SUM(AF8:AG8) -> 251 | AI8: 131.4
A9: Rural+Urban | B9: 2017 | C9: June | D9: 6 | E9: 133.3 | F9: 145.5 | G9: 128.1 | H9: 138.1 | I9: 118.2 | J9: 139.2 | K9: 133.3 | L9: 136.2 | M9: 119.6 | N9: 135.3 | O9: 127.8 | P9: 144.9 | Q9: 135.2 | R9: 146.5 | S9: =SUM(E9:R9) -> 1881.2 | T9: 131.4 | U9: 138.5 | V9: 131.7 | W9: 137.5 | X9: 128.8 | Y9: 131.2 | Z9: 116.5 | AA9: 135.4 | AB9: =SUM(T9:AA9) -> 1051 | AC9: 128.5 | AD9: 123.4 | AE9: =SUM(AC9:AD9) -> 251.9 | AF9: 125.9 | AG9: 125.5 | AH9: =SUM(AF9:AG9) -> 251.4 | AI9: 132
A10: Rural+Urban | B10: 2017 | C10: July | D10: 7 | E10: 133.6 | F10: 145.7 | G10: 129.6 | H10: 138.5 | I10: 118.1 | J10: 141.8 | K10: 159.5 | L10: 133.6 | M10: 120.5 | N10: 135.2 | O10: 128.5 | P10: 145.8 | Q10: 139 | R10: 148.2 | S10: =SUM(E10:R10) -> 1917.6 | T10: 132.6 | U10: 139.3 | V10: 132.1 | W10: 138.3 | X10: 129.4 | Y10: 131.9 | Z10: 116 | AA10: 136.8 | AB10: =SUM(T10:AA10) -> 1056.4 | AC10: 129.4 | AD10: 123.6 | AE10: =SUM(AC10:AD10) -> 253 | AF10: 126.6 | AG10: 125.9 | AH10: =SUM(AF10:AG10) -> 252.5 | AI10: 134.2
A11: Rural+Urban | B11: 2017 | C11: August | D11: 8 | E11: 134.3 | F11: 143.4 | G11: 129.3 | H11: 139 | I11: 118.1 | J11: 145.5 | K11: 168.6 | L11: 132.7 | M11: 121.2 | N11: 135.6 | O11: 128.7 | P11: 146.8 | Q11: 140.6 | R11: 149.8 | S11: =SUM(E11:R11) -> 1933.6 | T11: 134.4 | U11: 140.3 | V11: 133 | W11: 139.3 | X11: 129.8 | Y11: 132.8 | Z11: 117.3 | AA11: 137.6 | AB11: =SUM(T11:AA11) -> 1064.5 | AC11: 130.2 | AD11: 124.5 | AE11: =SUM(AC11:AD11) -> 254.7 | AF11: 127.3 | AG11: 126.8 | AH11: =SUM(AF11:AG11) -> 254.1 | AI11: 135.4
A12: Rural+Urban | B12: 2017 | C12: September | D12: 9 | E12: 134.7 | F12: 142.4 | G12: 130.2 | H12: 139.6 | I12: 118.4 | J12: 143 | K12: 156.6 | L12: 132.9 | M12: 121.5 | N12: 135.6 | O12: 128.8 | P12: 147.3 | Q12: 139 | R12: 150.8 | S12: =SUM(E12:R12) -> 1920.8 | T12: 135.7 | U12: 141.1 | V12: 133.4 | W12: 140 | X12: 131 | Y12: 133.3 | Z12: 118.3 | AA12: 137.4 | AB12: =SUM(T12:AA12) -> 1070.2 | AC12: 130.6 | AD12: 125.7 | AE12: =SUM(AC12:AD12) -> 256.3 | AF12: 127.9 | AG12: 127.5 | AH12: =SUM(AF12:AG12) -> 255.4 | AI12: 135.2
A13: Rural+Urban | B13: 2017 | C13: October | D13: 10 | E13: 135.3 | F13: 142.2 | G13: 131.2 | H13: 140.6 | I13: 119 | J13: 141.5 | K13: 162.6 | L13: 132.3 | M13: 121.8 | N13: 136.3 | O13: 128.7 | P13: 148.1 | Q13: 140.1 | R13: 151.6 | S13: =SUM(E13:R13) -> 1931.3 | T13: 137.3 | U13: 142 | V13: 134.1 | W13: 140.8 | X13: 132.2 | Y13: 133.6 | Z13: 117.8 | AA13: 137.9 | AB13: =SUM(T13:AA13) -> 1075.7 | AC13: 131.3 | AD13: 126.2 | AE13: =SUM(AC13:AD13) -> 257.5 | AF13: 128.4 | AG13: 127.7 | AH13: =SUM(AF13:AG13) -> 256.1 | AI13: 136.1
A14: Rural+Urban | B14: 2017 | C14: November | D14: 11 | E14: 135.7 | F14: 142.4 | G14: 142.9 | H14: 140.8 | I14: 119.2 | J14: 142.2 | K14: 173.8 | L14: 131.2 | M14: 123 | N14: 136.8 | O14: 129.2 | P14: 148.9 | Q14: 142.1 | R14: 153.2 | S14: =SUM(E14:R14) -> 1961.4 | T14: 138.6 | U14: 143 | V14: 134.8 | W14: 141.8 | X14: 135.3 | Y14: 134.4 | Z14: 118.3 | AA14: 138.6 | AB14: =SUM(T14:AA14) -> 1084.8 | AC14: 132.6 | AD14: 126.8 | AE14: =SUM(AC14:AD14) -> 259.4 | AF14: 128.9 | AG14: 128.4 | AH14: =SUM(AF14:AG14) -> 257.3 | AI14: 137.6
... A79: Rural+Urban | B79: 2023 | C79: May | D79: 5 | E79: 173.7 | F79: 214.3 | G79: 173.2 | H79: 179.5 | I79: 170 | J79: 172.2 | K79: 161 | L79: 175.6 | M79: 122.7 | N79: 218 | O79: 173.4 | P79: 194.2 | Q79: 179.1 | R79: 201 | S79: =SUM(E79:R79) -> 2507.9 | T79: 175.6 | U79: 187.3 | V79: 179.7 | W79: 186.2 | X79: 182.8 | Y79: 175.2 | Z79: 164.8 | AA79: 177.1 | AB79: =SUM(T79:AA79) -> 1428.7 | AC79: 185.7 | AD79: 185.2 | AE79: =SUM(AC79:AD79) -> 370.9 | AF79: 171.2 | AG79: 175.7 | AH79: =SUM(AF79:AG79) -> 346.9 | AI79: 179.1

Sheet Que 4 Y-o-Y Grouping 
E1: Food and Beverages | F1: Food and Beverages | G1: Food and Beverages | H1: Food and Beverages | I1: Food and Beverages | J1: Food and Beverages | K1: Food and Beverages | L1: Food and Beverages | M1: Food and Beverages | N1: Food and Beverages | O1: Food and Beverages | P1: Food and Beverages | Q1: Food and Beverages | R1: Food and Beverages | T1: Essential | U1: Essential | V1: Essential | W1: Essential | X1: Essential | Y1: Essential | Z1: Essential | AA1: Essential | AC1: Healthcare | AD1: Healthcare | AF1: Miscellaneous | AG1: Miscellaneous
A2: Sector | B2: Year | C2: Month | D2: Index | E2: Cereals and products | F2: Meat and fish | G2: Egg | H2: Milk and products | I2: Oils and fats | J2: Fruits | K2: Vegetables | L2: Pulses and products | M2: Sugar and Confectionery | N2: Spices | O2: Non-alcoholic beverages | P2: Prepared meals, snacks, sweets etc. | Q2: Food and beverages | R2: Pan, tobacco and intoxicants | S2: Food and Beverages | T2: Transport and communication | U2: Housing Clean | V2: Clothing | W2: Footwear | X2: Clothing and footwear | Y2: Fuel and light | Z2: Household goods and services | AA2: Education | AB2: Essential | AC2: Health | AD2: Personal care and effects | AE2: Healthcare | AF2: Recreation and amusement | AG2: Miscellaneous | AH2: Miscellaneous | AI2: General index
A3: Rural+Urban | B3: 2016 | C3: January | D3: 1 | E3: 126.1 | F3: 134.1 | G3: 128.6 | H3: 129.9 | I3: 115.5 | J3: 125.7 | K3: 141.5 | L3: 170.7 | M3: 97.4 | N3: 132.9 | O3: 122.7 | P3: 135.3 | Q3: 131.3 | R3: 135.2 | S3: =SUM(E3:R3) -> 1826.9 | T3: 111.1 | U3: 123.4 | V3: 130.3 | W3: 125.1 | X3: 129.5 | Y3: 122.7 | Z3: 124.2 | AA3: 126.3 | AB3: =SUM(T3:AA3) -> 992.6 | AC3: 122 | AD3: 114.5 | AE3: =SUM(AC3:AD3) -> 236.5 | AF3: 119.8 | AG3: 118.5 | AH3: =SUM(AF3:AG3) -> 238.3 | AI3: 126.3
A4: Rural+Urban | B4: 2016 | C4: February | D4: 2 | E4: 126.4 | F4: 134.2 | G4: 128.7 | H4: 130.3 | I4: 114.8 | J4: 124.9 | K4: 130.3 | L4: 167.4 | M4: 98.8 | N4: 133.6 | O4: 123 | P4: 135.8 | Q4: 129.9 | R4: 135.9 | S4: =SUM(E4:R4) -> 1814 | T4: 111.4 | U4: 124.4 | V4: 130.9 | W4: 125.8 | X4: 130.2 | Y4: 123.1 | Z4: 124.6 | AA4: 126.6 | AB4: =SUM(T4:AA4) -> 997 | AC4: 122.5 | AD4: 116.6 | AE4: =SUM(AC4:AD4) -> 239.1 | AF4: 120.3 | AG4: 119.1 | AH4: =SUM(AF4:AG4) -> 239.4 | AI4: 126
A5: Rural+Urban | B5: 2016 | C5: March | D5: 3 | E5: 126.5 | F5: 135.1 | G5: 124.6 | H5: 130.2 | I5: 114.5 | J5: 126.2 | K5: 129.8 | L5: 164.3 | M5: 100.9 | N5: 133.9 | O5: 123.1 | P5: 136.3 | Q5: 129.8 | R5: 136.5 | S5: =SUM(E5:R5) -> 1811.7 | T5: 110.9 | U5: 124.9 | V5: 131.3 | W5: 126.1 | X5: 130.5 | Y5: 122.4 | Z5: 125.1 | AA5: 126.9 | AB5: =SUM(T5:AA5) -> 998.1 | AC5: 122.9 | AD5: 117.3 | AE5: =SUM(AC5:AD5) -> 240.2 | AF5: 120.6 | AG5: 119.3 | AH5: =SUM(AF5:AG5) -> 239.9 | AI5: 126
A6: Rural+Urban | B6: 2016 | C6: April | D6: 4 | E6: 126.6 | F6: 136.8 | G6: 122 | H6: 130.9 | I6: 114.8 | J6: 134.8 | K6: 135 | L6: 167.5 | M6: 106.4 | N6: 134.4 | O6: 123.6 | P6: 136.7 | Q6: 131.8 | R6: 137.1 | S6: =SUM(E6:R6) -> 1838.4 | T6: 112.1 | U6: 125.6 | V6: 131.8 | W6: 126.4 | X6: 131 | Y6: 122.3 | Z6: 125.5 | AA6: 127.7 | AB6: =SUM(T6:AA6) -> 1002.4 | AC6: 123.2 | AD6: 118.1 | AE6: =SUM(AC6:AD6) -> 241.3 | AF6: 121.1 | AG6: 120 | AH6: =SUM(AF6:AG6) -> 241.1 | AI6: 127.3
A7: Rural+Urban | B7: 2016 | C7: May | D7: 5 | E7: 126.8 | F7: 139.1 | G7: 125.4 | H7: 131.7 | I7: 115 | J7: 136 | K7: 145.1 | L7: 171.7 | M7: 108.7 | N7: 135.3 | O7: 124.2 | P7: 137.4 | Q7: 134 | R7: 137.7 | S7: =SUM(E7:R7) -> 1868.1 | T7: 112.8 | U7: 126 | V7: 132.2 | W7: 126.8 | X7: 131.4 | Y7: 122.7 | Z7: 126 | AA7: 128.5 | AB7: =SUM(T7:AA7) -> 1006.4 | AC7: 123.7 | AD7: 119.2 | AE7: =SUM(AC7:AD7) -> 242.9 | AF7: 121.5 | AG7: 120.7 | AH7: =SUM(AF7:AG7) -> 242.2 | AI7: 128.6
A8: Rural+Urban | B8: 2016 | C8: June | D8: 6 | E8: 127.7 | F8: 140.5 | G8: 128.3 | H8: 132.6 | I8: 115.5 | J8: 136.5 | K8: 159.7 | L8: 174.3 | M8: 109.9 | N8: 136.3 | O8: 124.4 | P8: 138.1 | Q8: 136.8 | R8: 138.7 | S8: =SUM(E8:R8) -> 1899.3 | T8: 114.2 | U8: 125.5 | V8: 132.9 | W8: 127.2 | X8: 132 | Y8: 123.3 | Z8: 126.4 | AA8: 129.7 | AB8: =SUM(T8:AA8) -> 1011.2 | AC8: 124.1 | AD8: 119.4 | AE8: =SUM(AC8:AD8) -> 243.5 | AF8: 121.7 | AG8: 121.5 | AH8: =SUM(AF8:AG8) -> 243.2 | AI8: 130.1
A9: Rural+Urban | B9: 2016 | C9: July | D9: 7 | E9: 128.5 | F9: 141.2 | G9: 132.3 | H9: 133.5 | I9: 116.4 | J9: 137.8 | K9: 165.4 | L9: 177.4 | M9: 111.3 | N9: 137.5 | O9: 125 | P9: 138.8 | Q9: 138.4 | R9: 139.3 | S9: =SUM(E9:R9) -> 1922.8 | T9: 113.9 | U9: 126.4 | V9: 133.5 | W9: 127.6 | X9: 132.7 | Y9: 123.4 | Z9: 126.9 | AA9: 130.8 | AB9: =SUM(T9:AA9) -> 1015.2 | AC9: 124.5 | AD9: 120.5 | AE9: =SUM(AC9:AD9) -> 245 | AF9: 122.4 | AG9: 121.9 | AH9: =SUM(AF9:AG9) -> 244.3 | AI9: 131.1
A10: Rural+Urban | B10: 2016 | C10: August | D10: 8 | E10: 129.3 | F10: 139.3 | G10: 131.6 | H10: 134.1 | I10: 116.9 | J10: 138.1 | K10: 159.1 | L10: 175.6 | M10: 112.9 | N10: 138.1 | O10: 125.5 | P10: 139.5 | Q10: 137.9 | R10: 140.2 | S10: =SUM(E10:R10) -> 1918.1 | T10: 113.1 | U10: 127.3 | V10: 134.1 | W10: 128.2 | X10: 133.2 | Y10: 123.6 | Z10: 127.4 | AA10: 131.7 | AB10: =SUM(T10:AA10) -> 1018.6 | AC10: 124.8 | AD10: 121.5 | AE10: =SUM(AC10:AD10) -> 246.3 | AF10: 122.7 | AG10: 122.1 | AH10: =SUM(AF10:AG10) -> 244.8 | AI10: 131.1
A11: Rural+Urban | B11: 2016 | C11: September | D11: 9 | E11: 129.9 | F11: 138 | G11: 130.5 | H11: 134.4 | I11: 117.2 | J11: 136.1 | K11: 150.7 | L11: 171.5 | M11: 113.8 | N11: 138.8 | O11: 126 | P11: 140.2 | Q11: 136.6 | R11: 141 | S11: =SUM(E11:R11) -> 1904.7 | T11: 114.3 | U11: 127.9 | V11: 134.6 | W11: 128.6 | X11: 133.8 | Y11: 124.1 | Z11: 127.9 | AA11: 131.8 | AB11: =SUM(T11:AA11) -> 1023 | AC11: 125.4 | AD11: 122.1 | AE11: =SUM(AC11:AD11) -> 247.5 | AF11: 122.9 | AG11: 122.8 | AH11: =SUM(AF11:AG11) -> 245.7 | AI11: 130.9
A12: Rural+Urban | B12: 2016 | C12: October | D12: 10 | E12: 130.5 | F12: 137.9 | G12: 130.2 | H12: 134.8 | I12: 117.8 | J12: 134.7 | K12: 151.2 | L12: 172.1 | M12: 114.1 | N12: 139.3 | O12: 126.1 | P12: 141.1 | Q12: 137 | R12: 141.8 | S12: =SUM(E12:R12) -> 1908.6 | T12: 115.2 | U12: 128.7 | V12: 135.5 | W12: 129.1 | X12: 134.5 | Y12: 124.3 | Z12: 128.4 | AA12: 132.4 | AB12: =SUM(T12:AA12) -> 1028.1 | AC12: 126.1 | AD12: 122.1 | AE12: =SUM(AC12:AD12) -> 248.2 | AF12: 123.5 | AG12: 123.4 | AH12: =SUM(AF12:AG12) -> 246.9 | AI12: 131.4
A13: Rural+Urban | B13: 2016 | C13: November | D13: 11 | E13: 131.4 | F13: 137.8 | G13: 132 | H13: 135 | I13: 118 | J13: 134.1 | K13: 141.9 | L13: 171.7 | M13: 114.1 | N13: 139.7 | O13: 126.2 | P13: 141.8 | Q13: 136.1 | R13: 142 | S13: =SUM(E13:R13) -> 1901.8 | T13: 115.7 | U13: 129.1 | V13: 135.8 | W13: 129.3 | X13: 135 | Y13: 125 | Z13: 128.6 | AA13: 132.8 | AB13: =SUM(T13:AA13) -> 1031.3 | AC13: 126.4 | AD13: 122.6 | AE13: =SUM(AC13:AD13) -> 249 | AF13: 124 | AG13: 123.8 | AH13: =SUM(AF13:AG13) -> 247.8 | AI13: 131.2
A14: Rural+Urban | B14: 2016 | C14: December | D14: 12 | E14: 132.3 | F14: 137.6 | G14: 132.9 | H14: 135.1 | I14: 118.6 | J14: 132.7 | K14: 125.3 | L14: 168.7 | M14: 114.4 | N14: 140.2 | O14: 126.6 | P14: 142.3 | Q14: 134 | R14: 143.1 | S14: =SUM(E14:R14) -> 1883.8 | T14: 116 | U14: 128.5 | V14: 136.3 | W14: 129.8 | X14: 135.4 | Y14: 126.6 | Z14: 129.2 | AA14: 133.1 | AB14: =SUM(T14:AA14) -> 1034.9 | AC14: 126.9 | AD14: 121.1 | AE14: =SUM(AC14:AD14) -> 248 | AF14: 124.2 | AG14: 123.9 | AH14: =SUM(AF14:AG14) -> 248.1 | AI14: 130.4
... A90: Rural+Urban | B90: 2023 | C90: May | D90: 5 | E90: 173.7 | F90: 214.3 | G90: 173.2 | H90: 179.5 | I90: 170 | J90: 172.2 | K90: 161 | L90: 175.6 | M90: 122.7 | N90: 218 | O90: 173.4 | P90: 194.2 | Q90: 179.1 | R90: 201 | S90: =SUM(E90:R90) -> 2507.9 | T90: 164.8 | U90: 175.6 | V90: 187.3 | W90: 179.7 | X90: 186.2 | Y90: 182.8 | Z90: 175.2 | AA90: 177.1 | AB90: =SUM(T90:AA90) -> 1428.7 | AC90: 185.7 | AD90: 185.2 | AE90: =SUM(AC90:AD90) -> 370.9 | AF90: 171.2 | AG90: 175.7 | AH90: =SUM(AF90:AG90) -> 346.9 | AI90: 179.1

Sheet Que 4 Y-o-Y Inflamation
A1: Sector | B1: Year | C1: Month | D1: Index | E1: Food and Beverages | F1: Food and Beverages Inflamation | G1: Essential | H1: Essential Inflamation | I1: Healthcare | J1: Healthcare Inflamation | K1: Miscellaneous | L1: Miscellaneous Inflamation | M1: General index | N1: General index Inflamation
A2: Rural+Urban | B2: 2016 | C2: January | D2: 1 | E2: 1826.9 | G2: 992.6 | I2: 236.5 | K2: 238.3 | M2: 126.3
A3: Rural+Urban | B3: 2016 | C3: February | D3: 2 | E3: 1814 | G3: 997 | I3: 239.1 | K3: 239.4 | M3: 126
A4: Rural+Urban | B4: 2016 | C4: March | D4: 3 | E4: 1811.7 | G4: 998.1 | I4: 240.2 | K4: 239.9 | M4: 126
A5: Rural+Urban | B5: 2016 | C5: April | D5: 4 | E5: 1838.4 | G5: 1002.4 | I5: 241.3 | K5: 241.1 | M5: 127.3
A6: Rural+Urban | B6: 2016 | C6: May | D6: 5 | E6: 1868.1 | G6: 1006.4 | I6: 242.9 | K6: 242.2 | M6: 128.6
A7: Rural+Urban | B7: 2016 | C7: June | D7: 6 | E7: 1899.3 | G7: 1011.2 | I7: 243.5 | K7: 243.2 | M7: 130.1
A8: Rural+Urban | B8: 2016 | C8: July | D8: 7 | E8: 1922.8 | G8: 1015.2 | I8: 245 | K8: 244.3 | M8: 131.1
A9: Rural+Urban | B9: 2016 | C9: August | D9: 8 | E9: 1918.1 | G9: 1018.6 | I9: 246.3 | K9: 244.8 | M9: 131.1
A10: Rural+Urban | B10: 2016 | C10: September | D10: 9 | E10: 1904.7 | G10: 1023 | I10: 247.5 | K10: 245.7 | M10: 130.9
A11: Rural+Urban | B11: 2016 | C11: October | D11: 10 | E11: 1908.6 | G11: 1028.1 | I11: 248.2 | K11: 246.9 | M11: 131.4
A12: Rural+Urban | B12: 2016 | C12: November | D12: 11 | E12: 1901.8 | G12: 1031.3 | I12: 249 | K12: 247.8 | M12: 131.2
A13: Rural+Urban | B13: 2016 | C13: December | D13: 12 | E13: 1883.8 | G13: 1034.9 | I13: 248 | K13: 248.1 | M13: 130.4
A14: Rural+Urban | B14: 2017 | C14: January | D14: 1 | E14: 1871.1 | F14: =((E14-E2)/E2)*100 -> 2.419399 | G14: 1038.5 | H14: =((G14-G2)/G2)*100 -> 4.6242192 | I14: 248.8 | J14: =((I14-I2)/I2)*100 -> 5.2008457 | K14: 248.6 | L14: =((K14-K2)/K2)*100 -> 4.3222828 | M14: 130.3 | N14: =((M14-M2)/M2)*100 -> 3.1670625
A15: Rural+Urban | B15: 2017 | C15: February | D15: 2 | E15: 1866.7 | F15: =((E15-E3)/E3)*100 -> 2.9051819 | G15: 1041.9 | H15: =((G15-G3)/G3)*100 -> 4.5035105 | I15: 250 | J15: =((I15-I3)/I3)*100 -> 4.558762 | K15: 249.4 | L15: =((K15-K3)/K3)*100 -> 4.1771094 | M15: 130.6 | N15: =((M15-M3)/M3)*100 -> 3.6507937
A16: Rural+Urban | B16: 2017 | C16: March | D16: 3 | E16: 1864 | F16: =((E16-E4)/E4)*100 -> 2.8867914 | G16: 1046 | H16: =((G16-G4)/G4)*100 -> 4.7991183 | I16: 250.4 | J16: =((I16-I4)/I4)*100 -> 4.2464613 | K16: 250.1 | L16: =((K16-K4)/K4)*100 -> 4.2517716 | M16: 130.9 | N16: =((M16-M4)/M4)*100 -> 3.8888889
A17: Rural+Urban | B17: 2017 | C17: April | D17: 4 | E17: 1863.8 | F17: =((E17-E5)/E5)*100 -> 1.3816362 | G17: 1049.1 | H17: =((G17-G5)/G5)*100 -> 4.6588188 | I17: 251.2 | J17: =((I17-I5)/I5)*100 -> 4.1027766 | K17: 250.2 | L17: =((K17-K5)/K5)*100 -> 3.7743675 | M17: 131.1 | N17: =((M17-M5)/M5)*100 -> 2.9850746
A18: Rural+Urban | B18: 2017 | C18: May | D18: 5 | E18: 1865.8 | F18: =((E18-E6)/E6)*100 -> -0.12311975 | G18: 1050.7 | H18: =((G18-G6)/G6)*100 -> 4.4018283 | I18: 251.4 | J18: =((I18-I6)/I6)*100 -> 3.4993825 | K18: 251 | L18: =((K18-K6)/K6)*100 -> 3.6333609 | M18: 131.4 | N18: =((M18-M6)/M6)*100 -> 2.1772939
A19: Rural+Urban | B19: 2017 | C19: June | D19: 6 | E19: 1881.2 | F19: =((E19-E7)/E7)*100 -> -0.95298268 | G19: 1051 | H19: =((G19-G7)/G7)*100 -> 3.9359177 | I19: 251.9 | J19: =((I19-I7)/I7)*100 -> 3.449692 | K19: 251.4 | L19: =((K19-K7)/K7)*100 -> 3.3717105 | M19: 132 | N19: =((M19-M7)/M7)*100 -> 1.4604151
A20: Rural+Urban | B20: 2017 | C20: July | D20: 7 | E20: 1917.6 | F20: =((E20-E8)/E8)*100 -> -0.27043894 | G20: 1056.4 | H20: =((G20-G8)/G8)*100 -> 4.0583136 | I20: 253 | J20: =((I20-I8)/I8)*100 -> 3.2653061 | K20: 252.5 | L20: =((K20-K8)/K8)*100 -> 3.3565289 | M20: 134.2 | N20: =((M20-M8)/M8)*100 -> 2.3646072
A21: Rural+Urban | B21: 2017 | C21: August | D21: 8 | E21: 1933.6 | F21: =((E21-E9)/E9)*100 -> 0.80809134 | G21: 1064.5 | H21: =((G21-G9)/G9)*100 -> 4.506185 | I21: 254.7 | J21: =((I21-I9)/I9)*100 -> 3.410475 | K21: 254.1 | L21: =((K21-K9)/K9)*100 -> 3.7990196 | M21: 135.4 | N21: =((M21-M9)/M9)*100 -> 3.279939
A22: Rural+Urban | B22: 2017 | C22: September | D22: 9 | E22: 1920.8 | F22: =((E22-E10)/E10)*100 -> 0.84527747 | G22: 1070.2 | H22: =((G22-G10)/G10)*100 -> 4.6138807 | I22: 256.3 | J22: =((I22-I10)/I10)*100 -> 3.5555556 | K22: 255.4 | L22: =((K22-K10)/K10)*100 -> 3.9479039 | M22: 135.2 | N22: =((M22-M10)/M10)*100 -> 3.2849503
A23: Rural+Urban | B23: 2017 | C23: October | D23: 10 | E23: 1931.3 | F23: =((E23-E11)/E11)*100 -> 1.1893535 | G23: 1075.7 | H23: =((G23-G11)/G11)*100 -> 4.6298998 | I23: 257.5 | J23: =((I23-I11)/I11)*100 -> 3.7469782 | K23: 256.1 | L23: =((K23-K11)/K11)*100 -> 3.7262049 | M23: 136.1 | N23: =((M23-M11)/M11)*100 -> 3.5768645
A24: Rural+Urban | B24: 2017 | C24: November | D24: 11 | E24: 1961.4 | F24: =((E24-E12)/E12)*100 -> 3.1338732 | G24: 1084.8 | H24: =((G24-G12)/G12)*100 -> 5.1876273 | I24: 259.4 | J24: =((I24-I12)/I12)*100 -> 4.1767068 | K24: 257.3 | L24: =((K24-K12)/K12)*100 -> 3.8337369 | M24: 137.6 | N24: =((M24-M12)/M12)*100 -> 4.8780488
A25: Rural+Urban | B25: 2017 | C25: December | D25: 12 | E25: 1949.2 | F25: =((E25-E13)/E13)*100 -> 3.4717061 | G25: 1087.6 | H25: =((G25-G13)/G13)*100 -> 5.0922794 | I25: 259.6 | J25: =((I25-I13)/I13)*100 -> 4.6774194 | K25: 257.6 | L25: =((K25-K13)/K13)*100 -> 3.8291012 | M25: 137.2 | N25: =((M25-M13)/M13)*100 -> 5.2147239
... A89: Rural+Urban | B89: 2023 | C89: May | D89: 5 | E89: 2507.9 | F89: =((E89-E77)/E77)*100 -> 3.0785039 | G89: 1428.7 | H89: =((G89-G77)/G77)*100 -> 5.2992335 | I89: 370.9 | J89: =((I89-I77)/I77)*100 -> 8.0710956 | K89: 346.9 | L89: =((K89-K77)/K77)*100 -> 4.2994588 | M89: 179.1 | N89: =((M89-M77)/M77)*100 -> 4.3098427

Sheet Que 4 Y-o-Y For Analysis
A1: Sector | B1: Year | C1: Month | D1: Index | E1: Covid | F1: Covid Index | G1: Food and Beverages Inflamation | H1: Essential Inflamation | I1: Healthcare Inflamation | J1: Miscellaneous Inflamation | K1: General index Inflamation
A2: Rural+Urban | B2: 2017 | C2: January | D2: 1 | E2: Pre-Covid | F2: 1 | G2: 2.419399 | H2: 4.6242192 | I2: 5.2008457 | J2: 4.3222828 | K2: 3.1670625
A3: Rural+Urban | B3: 2017 | C3: February | D3: 2 | E3: Pre-Covid | F3: 1 | G3: 2.9051819 | H3: 4.5035105 | I3: 4.558762 | J3: 4.1771094 | K3: 3.6507937
A4: Rural+Urban | B4: 2017 | C4: March | D4: 3 | E4: Pre-Covid | F4: 1 | G4: 2.8867914 | H4: 4.7991183 | I4: 4.2464613 | J4: 4.2517716 | K4: 3.8888889
A5: Rural+Urban | B5: 2017 | C5: April | D5: 4 | E5: Pre-Covid | F5: 1 | G5: 1.3816362 | H5: 4.6588188 | I5: 4.1027766 | J5: 3.7743675 | K5: 2.9850746
A6: Rural+Urban | B6: 2017 | C6: May | D6: 5 | E6: Pre-Covid | F6: 1 | G6: -0.12311975 | H6: 4.4018283 | I6: 3.4993825 | J6: 3.6333609 | K6: 2.1772939
A7: Rural+Urban | B7: 2017 | C7: June | D7: 6 | E7: Pre-Covid | F7: 1 | G7: -0.95298268 | H7: 3.9359177 | I7: 3.449692 | J7: 3.3717105 | K7: 1.4604151
A8: Rural+Urban | B8: 2017 | C8: July | D8: 7 | E8: Pre-Covid | F8: 1 | G8: -0.27043894 | H8: 4.0583136 | I8: 3.2653061 | J8: 3.3565289 | K8: 2.3646072
A9: Rural+Urban | B9: 2017 | C9: August | D9: 8 | E9: Pre-Covid | F9: 1 | G9: 0.80809134 | H9: 4.506185 | I9: 3.410475 | J9: 3.7990196 | K9: 3.279939
A10: Rural+Urban | B10: 2017 | C10: September | D10: 9 | E10: Pre-Covid | F10: 1 | G10: 0.84527747 | H10: 4.6138807 | I10: 3.5555556 | J10: 3.9479039 | K10: 3.2849503
A11: Rural+Urban | B11: 2017 | C11: October | D11: 10 | E11: Pre-Covid | F11: 1 | G11: 1.1893535 | H11: 4.6298998 | I11: 3.7469782 | J11: 3.7262049 | K11: 3.5768645
A12: Rural+Urban | B12: 2017 | C12: November | D12: 11 | E12: Pre-Covid | F12: 1 | G12: 3.1338732 | H12: 5.1876273 | I12: 4.1767068 | J12: 3.8337369 | K12: 4.8780488
A13: Rural+Urban | B13: 2017 | C13: December | D13: 12 | E13: Pre-Covid | F13: 1 | G13: 3.4717061 | H13: 5.0922794 | I13: 4.6774194 | J13: 3.8291012 | K13: 5.2147239
... A77: Rural+Urban | B77: 2023 | C77: May | D77: 5 | E77: Post-Covid | F77: 2 | G77: 3.0785039 | H77: 5.2992335 | I77: 8.0710956 | J77: 4.2994588 | K77: 4.3098427

Sheet Que 4 Y-o-Y Analysis
B2: Covid Index | C2: Covid | D2: Year | E2: Month | F2: Average of Food and Beverages Inflamation | H2: Covid Index | I2: Covid | J2: Year | K2: Month | L2: Average of Essential Inflamation | N2: Covid Index | O2: Covid | P2: Year | Q2: Month | R2: Average of Healthcare Inflamation | T2: Covid Index | U2: Covid | V2: Year | W2: Month | X2: Average of General index Inflamation
B3: 1 | C3: Pre-Covid | D3: 2017 | E3: January | F3: 2.419399 | H3: 1 | I3: Pre-Covid | J3: 2017 | K3: January | L3: 4.6242192 | N3: 1 | O3: Pre-Covid | P3: 2017 | Q3: January | R3: 5.2008457 | T3: 1 | U3: Pre-Covid | V3: 2017 | W3: January | X3: 3.1670625
E4: February | F4: 2.9051819 | K4: February | L4: 4.5035105 | Q4: February | R4: 4.558762 | W4: February | X4: 3.6507937
E5: March | F5: 2.8867914 | K5: March | L5: 4.7991183 | Q5: March | R5: 4.2464613 | W5: March | X5: 3.8888889
E6: April | F6: 1.3816362 | K6: April | L6: 4.6588188 | Q6: April | R6: 4.1027766 | W6: April | X6: 2.9850746
E7: May | F7: -0.12311975 | K7: May | L7: 4.4018283 | Q7: May | R7: 3.4993825 | W7: May | X7: 2.1772939
E8: June | F8: -0.95298268 | K8: June | L8: 3.9359177 | Q8: June | R8: 3.449692 | W8: June | X8: 1.4604151
E9: July | F9: -0.27043894 | K9: July | L9: 4.0583136 | Q9: July | R9: 3.2653061 | W9: July | X9: 2.3646072
E10: August | F10: 0.80809134 | K10: August | L10: 4.506185 | Q10: August | R10: 3.410475 | W10: August | X10: 3.279939
E11: September | F11: 0.84527747 | K11: September | L11: 4.6138807 | Q11: September | R11: 3.5555556 | W11: September | X11: 3.2849503
E12: October | F12: 1.1893535 | K12: October | L12: 4.6298998 | Q12: October | R12: 3.7469782 | W12: October | X12: 3.5768645
E13: December | F13: 3.4717061 | K13: December | L13: 5.0922794 | Q13: December | R13: 4.6774194 | W13: December | X13: 5.2147239
E14: November | F14: 3.1338732 | K14: November | L14: 5.1876273 | Q14: November | R14: 4.1767068 | W14: November | X14: 4.8780488
D15: 2018 | E15: January | F15: 3.3937256 | J15: 2018 | K15: January | L15: 5.1035147 | P15: 2018 | Q15: January | R15: 4.7427653 | V15: 2018 | W15: January | X15: 5.0652341
E16: February | F16: 2.6035249 | K16: February | L16: 5.0388713 | Q16: February | R16: 4.6 | W16: February | X16: 4.4410413
E17: March | F17: 2.5912017 | K17: March | L17: 5.0191205 | Q17: March | R17: 4.8322684 | W17: March | X17: 4.2780749
E18: April | F18: 2.693422 | K18: April | L18: 5.3569726 | Q18: April | R18: 5.2547771 | W18: April | X18: 4.576659
E19: May | F19: 2.7816486 | K19: May | L19: 5.7009613 | Q19: May | R19: 5.7677009 | W19: May | X19: 4.870624
E20: June | F20: 2.721667 | K20: June | L20: 6.0608944 | Q20: June | R20: 5.7165542 | W20: June | X20: 4.9242424
E21: July | F21: 1.8356279 | K21: July | L21: 6.1151079 | Q21: July | R21: 5.5731225 | W21: July | X21: 4.1728763
E22: August | F22: 1.1894911 | K22: August | L22: 5.9088774 | Q22: August | R22: 5.1433059 | W22: August | X22: 3.6927622
E23: September | F23: 0.93190337 | K23: September | L23: 5.8493739 | Q23: September | R23: 5.072181 | W23: September | X23: 3.6982249
E24: October | F24: 0.38833946 | K24: October | L24: 6.1355396 | Q24: October | R24: 6.4466019 | W24: October | X24: 3.4533431
E25: December | F25: -1.2004925 | K25: December | L25: 4.854726 | Q25: December | R25: 6.7411402 | W25: December | X25: 2.1137026
E26: November | F26: -1.1777302 | K26: November | L26: 5.2083333 | Q26: November | R26: 5.6669237 | W26: November | X26: 2.3255814
D27: 2019 | E27: January | F27: -0.93042489 | J27: 2019 | K27: January | L27: 4.1960605 | P27: 2019 | Q27: January | R27: 6.6385265 | V27: 2019 | W27: January | X27: 1.9722425
E28: February | F28: 0.27149794 | K28: February | L28: 4.0478801 | Q28: February | R28: 6.959847 | W28: February | X28: 2.5659824
E29: March | F29: 0.73733201 | K29: March | L29: 3.9508421 | Q29: March | R29: 6.5142857 | W29: March | X29: 2.8571429
E30: May | F30: 2.1943574 | K30: May | L30: 3.7455894 | Q30: May | R30: 6.0136157 | W30: May | X30: 3.5740336
E31: June | F31: 3.1965375 | K31: June | L31: 3.3585449 | Q31: June | R31: 5.9420835 | W31: June | X31: 3.701016
E32: July | F32: 3.6379632 | K32: July | L32: 3.2295685 | Q32: July | R32: 6.4964326 | W32: July | X32: 4.1155235
E33: August | F33: 3.046907 | K33: August | L33: 2.8456735 | Q33: August | R33: 7.4129539 | W33: August | X33: 3.7195994
E34: September | F34: 3.4549729 | K34: September | L34: 2.4481107 | Q34: September | R34: 7.8043316 | W34: September | X34: 3.8461538
E35: October | F35: 5.880229 | K35: October | L35: 2.2863701 | Q35: October | R35: 7.463795 | W35: October | X35: 4.9928673
E36: December | F36: 9.0955992 | K36: December | L36: 2.3744852 | Q36: December | R36: 6.0926669 | W36: December | X36: 6.8181818
E37: November | F37: 7.2209614 | K37: November | L37: 1.8393624 | Q37: November | R37: 5.8737687 | W37: November | X37: 5.5397727
D38: 2020 | E38: January | F38: 9.5440856 | J38: 2020 | K38: January | L38: 2.8498772 | P38: 2020 | Q38: January | R38: 5.918441 | V38: 2020 | W38: January | X38: 7.2091363
E39: February | F39: 8.6142127 | K39: February | L39: 3.4819309 | Q39: February | R39: 6.1892767 | W39: February | X39: 6.8051576
B40: 2 | C40: Post-Covid | D40: 2020 | E40: March | F40: 7.6073939 | H40: 2 | I40: Post-Covid | J40: 2020 | K40: March | L40: 3.5127777 | N40: 2 | O40: Post-Covid | P40: 2020 | Q40: March | R40: 6.3639614 | T40: 2 | U40: Post-Covid | V40: 2020 | W40: March | X40: 6.2187277
E41: April | F41: 10.034261 | K41: April | L41: 2.8724056 | Q41: April | R41: 5.4005722 | W41: April | X41: 6.1253561
E42: May | F42: 7.00409 | K42: May | L42: 2.642365 | Q42: May | R42: 5.9579022 | W42: May | X42: 4.9295775
E43: June | F43: 8.6558868 | K43: June | L43: 3.031623 | Q43: June | R43: 8.6261981 | W43: June | X43: 6.2281316
E44: July | F44: 7.3700504 | K44: July | L44: 2.780916 | Q44: July | R44: 7.8984485 | W44: July | X44: 5.2704577
E45: August | F45: 8.2244198 | K45: August | L45: 3.4001214 | Q45: August | R45: 7.8075985 | W45: August | X45: 6.137931
E46: September | F46: 8.2600534 | K46: September | L46: 3.4372294 | Q46: September | R46: 8.7634222 | W46: September | X46: 6.1042524
E47: October | F47: 8.7786817 | K47: October | L47: 3.3917321 | Q47: October | R47: 8.2584658 | W47: October | X47: 6.25
E48: December | F48: 8.5075192 | K48: December | L48: 3.2865457 | Q48: December | R48: 8.4594223 | W48: December | X48: 5.6515957
E49: November | F49: 9.6979026 | K49: November | L49: 3.3628623 | Q49: November | R49: 8.2356995 | W49: November | X49: 6.5948856
D50: 2021 | E50: January | F50: 7.2715207 | J50: 2021 | K50: January | L50: 3.3762469 | P50: 2021 | Q50: January | R50: 7.7001704 | V50: 2021 | W50: January | X50: 4.7270306
E51: February | F51: 7.0086948 | K51: February | L51: 4.3504121 | Q51: February | R51: 7.4551 | W51: February | X51: 5.0301811
E52: March | F52: 7.785735 | K52: March | L52: 4.7849326 | Q52: March | R52: 6.0504202 | W52: March | X52: 5.5181696
E53: April | F53: 6.2839081 | K53: April | L53: 5.5844045 | Q53: April | R53: 7.804547 | W53: April | X53: 5.9060403
E54: May | F54: 9.7754419 | K54: May | L54: 7.0603229 | Q54: May | R54: 9.2255892 | W54: May | X54: 7.6510067
E55: June | F55: 8.1104962 | K55: June | L55: 6.7219075 | Q55: June | R55: 6.2418301 | W55: June | X55: 6.2582345
E56: July | F56: 8.7383156 | K56: July | L56: 7.5166991 | Q56: July | R56: 6.8954248 | W56: July | X56: 7.0487484
E57: August | F57: 7.1769676 | K57: August | L57: 7.6251992 | Q57: August | R57: 6.1752344 | W57: August | X57: 6.042885
E58: September | F58: 6.5118189 | K58: September | L58: 7.3993471 | Q58: September | R58: 4.5859873 | W58: September | X58: 5.4945055
E59: October | F59: 6.0593847 | K59: October | L59: 7.8547579 | Q59: October | R59: 5.298436 | W59: October | X59: 5.8184143
E60: December | F60: 3.4342994 | K60: December | L60: 7.8886311 | Q60: December | R60: 5.6436271 | W60: December | X60: 4.5940843
E61: November | F61: 4.6746185 | K61: November | L61: 7.9131303 | Q61: November | R61: 5.730659 | W61: November | X61: 5.239899
D62: 2022 | E62: January | F62: 4.1272647 | J62: 2022 | K62: January | L62: 8.0494845 | P62: 2022 | Q62: January | R62: 5.7893072 | V62: 2022 | W62: January | X62: 5.3401144
E63: February | F63: 5.6742683 | K63: February | L63: 7.3283935 | Q63: February | R63: 6.1494797 | W63: February | X63: 6.0664112
E64: March | F64: 6.7519641 | K64: March | L64: 7.4406931 | Q64: March | R64: 7.8288431 | W64: March | X64: 6.9515306
E65: April | F65: 6.8933375 | K65: April | L65: 8.5140692 | Q65: April | R65: 7.9005351 | W65: April | X65: 7.7946768
E66: May | F66: 5.8931058 | K66: May | L66: 7.6739941 | Q66: May | R66: 5.7953144 | W66: May | X66: 7.0448878
E67: June | F67: 5.6566439 | K67: June | L67: 7.9305974 | Q67: June | R67: 6.0596739 | W67: June | X67: 7.0055797 | Y67: =MAX(X:X) -> 7.7946768
E68: July | F68: 5.2476264 | K68: July | L68: 8.1078956 | Q68: July | R68: 5.7169061 | W68: July | X68: 6.7076923
E69: August | F69: 5.5738829 | K69: August | L69: 7.6539361 | Q69: August | R69: 5.9683313 | W69: August | X69: 6.8014706
E70: September | F70: 6.1137055 | K70: September | L70: 8.2534487 | Q70: September | R70: 6.181486 | W70: September | X70: 7.4142157
E71: October | F71: 5.2951609 | K71: October | L71: 8.0876093 | Q71: October | R71: 6.3352531 | W71: October | X71: 6.7673716
E72: December | F72: 4.5253445 | K72: December | L72: 8.0107527 | Q72: December | R72: 7.1128451 | W72: December | X72: 5.7160048
E73: November | F73: 4.4700461 | K73: November | L73: 8.1502043 | Q73: November | R73: 6.4137308 | W73: November | X73: 5.8788242
D74: 2023 | E74: January | F74: 5.7078594 | J74: 2023 | K74: January | L74: 7.7169682 | P74: 2023 | Q74: January | R74: 7.9246411 | V74: 2023 | W74: January | X74: 6.5178033
E75: February | F75: 5.2931181 | K75: February | L75: 7.6549579 | Q75: February | R75: 8.5561497 | W75: February | X75: 6.6827213
E76: March | F76: 4.2390344 | K76: March | L76: 6.910324 | Q76: March | R76: 7.4074074 | W76: March | X76: 5.6648778
E77: April | F77: 3.4050328 | K77: April | L77: 5.8176685 | Q77: April | R77: 7.6429405 | W77: April | X77: 4.7031158
E78: May | F78: 3.0785039 | K78: May | L78: 5.2992335 | Q78: May | R78: 8.0710956 | W78: May | X78: 4.3098427

Sheet Que 4 Covid inflamaion M-o-M
A1: Year | B1: Month | C1: Index | D1: Food and Beverages | E1: Food and Beverages | F1: Essential | G1: Essential | H1: Healthcare | I1: Healthcare | J1: Miscellaneous | K1: Miscellaneous | L1: General CPI | M1: General CPI
A2: 2016 | B2: December | C2: 12 | D2: 1883.8 | F2: 1034.9 | H2: 248 | J2: 248.1 | L2: 130.4
A3: 2017 | B3: January | C3: 1 | D3: 1871.1 | E3: =((D3-D2)/D2)*100 -> -0.67416923 | F3: 1038.5 | G3: =((F3-F2)/F2)*100 -> 0.3478597 | H3: 248.8 | I3: =((H3-H2)/H2)*100 -> 0.32258065 | J3: 248.6 | K3: =((J3-J2)/J2)*100 -> 0.20153164 | L3: 130.3 | M3: =((L3-L2)/L2)*100 -> -0.076687117
A4: 2017 | B4: February | C4: 2 | D4: 1866.7 | E4: =((D4-D3)/D3)*100 -> -0.23515579 | F4: 1041.9 | G4: =((F4-F3)/F3)*100 -> 0.32739528 | H4: 250 | I4: =((H4-H3)/H3)*100 -> 0.48231511 | J4: 249.4 | K4: =((J4-J3)/J3)*100 -> 0.32180209 | L4: 130.6 | M4: =((L4-L3)/L3)*100 -> 0.23023791
A5: 2017 | B5: March | C5: 3 | D5: 1864 | E5: =((D5-D4)/D4)*100 -> -0.14464027 | F5: 1046 | G5: =((F5-F4)/F4)*100 -> 0.39351185 | H5: 250.4 | I5: =((H5-H4)/H4)*100 -> 0.16 | J5: 250.1 | K5: =((J5-J4)/J4)*100 -> 0.28067362 | L5: 130.9 | M5: =((L5-L4)/L4)*100 -> 0.22970904
A6: 2017 | B6: April | C6: 4 | D6: 1863.8 | E6: =((D6-D5)/D5)*100 -> -0.010729614 | F6: 1049.1 | G6: =((F6-F5)/F5)*100 -> 0.29636711 | H6: 251.2 | I6: =((H6-H5)/H5)*100 -> 0.31948882 | J6: 250.2 | K6: =((J6-J5)/J5)*100 -> 0.039984006 | L6: 131.1 | M6: =((L6-L5)/L5)*100 -> 0.15278839
A7: 2017 | B7: May | C7: 5 | D7: 1865.8 | E7: =((D7-D6)/D6)*100 -> 0.10730765 | F7: 1050.7 | G7: =((F7-F6)/F6)*100 -> 0.15251168 | H7: 251.4 | I7: =((H7-H6)/H6)*100 -> 0.079617834 | J7: 251 | K7: =((J7-J6)/J6)*100 -> 0.3197442 | L7: 131.4 | M7: =((L7-L6)/L6)*100 -> 0.22883295
A8: 2017 | B8: June | C8: 6 | D8: 1881.2 | E8: =((D8-D7)/D7)*100 -> 0.82538321 | F8: 1051 | G8: =((F8-F7)/F7)*100 -> 0.028552394 | H8: 251.9 | I8: =((H8-H7)/H7)*100 -> 0.19888624 | J8: 251.4 | K8: =((J8-J7)/J7)*100 -> 0.15936255 | L8: 132 | M8: =((L8-L7)/L7)*100 -> 0.456621
A9: 2017 | B9: July | C9: 7 | D9: 1917.6 | E9: =((D9-D8)/D8)*100 -> 1.9349351 | F9: 1056.4 | G9: =((F9-F8)/F8)*100 -> 0.51379638 | H9: 253 | I9: =((H9-H8)/H8)*100 -> 0.43668122 | J9: 252.5 | K9: =((J9-J8)/J8)*100 -> 0.43754972 | L9: 134.2 | M9: =((L9-L8)/L8)*100 -> 1.6666667
A10: 2017 | B10: August | C10: 8 | D10: 1933.6 | E10: =((D10-D9)/D9)*100 -> 0.8343763 | F10: 1064.5 | G10: =((F10-F9)/F9)*100 -> 0.76675502 | H10: 254.7 | I10: =((H10-H9)/H9)*100 -> 0.67193676 | J10: 254.1 | K10: =((J10-J9)/J9)*100 -> 0.63366337 | L10: 135.4 | M10: =((L10-L9)/L9)*100 -> 0.89418778
A11: 2017 | B11: September | C11: 9 | D11: 1920.8 | E11: =((D11-D10)/D10)*100 -> -0.66197766 | F11: 1070.2 | G11: =((F11-F10)/F10)*100 -> 0.53546266 | H11: 256.3 | I11: =((H11-H10)/H10)*100 -> 0.62819003 | J11: 255.4 | K11: =((J11-J10)/J10)*100 -> 0.5116096 | L11: 135.2 | M11: =((L11-L10)/L10)*100 -> -0.14771049
A12: 2017 | B12: October | C12: 10 | D12: 1931.3 | E12: =((D12-D11)/D11)*100 -> 0.54664723 | F12: 1075.7 | G12: =((F12-F11)/F11)*100 -> 0.51392263 | H12: 257.5 | I12: =((H12-H11)/H11)*100 -> 0.46820133 | J12: 256.1 | K12: =((J12-J11)/J11)*100 -> 0.27407987 | L12: 136.1 | M12: =((L12-L11)/L11)*100 -> 0.66568047
A13: 2017 | B13: November | C13: 11 | D13: 1961.4 | E13: =((D13-D12)/D12)*100 -> 1.5585357 | F13: 1084.8 | G13: =((F13-F12)/F12)*100 -> 0.84596077 | H13: 259.4 | I13: =((H13-H12)/H12)*100 -> 0.73786408 | J13: 257.3 | K13: =((J13-J12)/J12)*100 -> 0.46856697 | L13: 137.6 | M13: =((L13-L12)/L12)*100 -> 1.1021308
A14: 2017 | B14: December | C14: 12 | D14: 1949.2 | E14: =((D14-D13)/D13)*100 -> -0.62200469 | F14: 1087.6 | G14: =((F14-F13)/F13)*100 -> 0.25811209 | H14: 259.6 | I14: =((H14-H13)/H13)*100 -> 0.077101002 | J14: 257.6 | K14: =((J14-J13)/J13)*100 -> 0.11659541 | L14: 137.2 | M14: =((L14-L13)/L13)*100 -> -0.29069767
... A78: 2023 | B78: May | C78: 5 | D78: 2507.9 | E78: =((D78-D77)/D77)*100 -> 0.71078628 | F78: 1428.7 | G78: =((F78-F77)/F77)*100 -> 0.31596686 | H78: 370.9 | I78: =((H78-H77)/H77)*100 -> 0.51490515 | J78: 346.9 | K78: =((J78-J77)/J77)*100 -> 0.34712178 | L78: 179.1 | M78: =((L78-L77)/L77)*100 -> 0.56148231

Sheet Que4 For insight of covid M-o-M
A1: Year | B1: Month | C1: Index | D1: Covid-19 | E1: Covid index | F1: Food and Beverages | G1: Essential | H1: Healthcare | I1: Miscellaneous | J1: General CPI
A2: 2017 | B2: January | C2: 1 | D2: Pre-covid | E2: 1 | F2: -0.67416923 | G2: 0.3478597 | H2: 0.32258065 | I2: 0.20153164 | J2: -0.076687117
A3: 2017 | B3: February | C3: 2 | D3: Pre-covid | E3: 1 | F3: -0.23515579 | G3: 0.32739528 | H3: 0.48231511 | I3: 0.32180209 | J3: 0.23023791
A4: 2017 | B4: March | C4: 3 | D4: Pre-covid | E4: 1 | F4: -0.14464027 | G4: 0.39351185 | H4: 0.16 | I4: 0.28067362 | J4: 0.22970904
A5: 2017 | B5: April | C5: 4 | D5: Pre-covid | E5: 1 | F5: -0.010729614 | G5: 0.29636711 | H5: 0.31948882 | I5: 0.039984006 | J5: 0.15278839
A6: 2017 | B6: May | C6: 5 | D6: Pre-covid | E6: 1 | F6: 0.10730765 | G6: 0.15251168 | H6: 0.079617834 | I6: 0.3197442 | J6: 0.22883295
A7: 2017 | B7: June | C7: 6 | D7: Pre-covid | E7: 1 | F7: 0.82538321 | G7: 0.028552394 | H7: 0.19888624 | I7: 0.15936255 | J7: 0.456621
A8: 2017 | B8: July | C8: 7 | D8: Pre-covid | E8: 1 | F8: 1.9349351 | G8: 0.51379638 | H8: 0.43668122 | I8: 0.43754972 | J8: 1.6666667
A9: 2017 | B9: August | C9: 8 | D9: Pre-covid | E9: 1 | F9: 0.8343763 | G9: 0.76675502 | H9: 0.67193676 | I9: 0.63366337 | J9: 0.89418778
A10: 2017 | B10: September | C10: 9 | D10: Pre-covid | E10: 1 | F10: -0.66197766 | G10: 0.53546266 | H10: 0.62819003 | I10: 0.5116096 | J10: -0.14771049
A11: 2017 | B11: October | C11: 10 | D11: Pre-covid | E11: 1 | F11: 0.54664723 | G11: 0.51392263 | H11: 0.46820133 | I11: 0.27407987 | J11: 0.66568047
A12: 2017 | B12: November | C12: 11 | D12: Pre-covid | E12: 1 | F12: 1.5585357 | G12: 0.84596077 | H12: 0.73786408 | I12: 0.46856697 | J12: 1.1021308
A13: 2017 | B13: December | C13: 12 | D13: Pre-covid | E13: 1 | F13: -0.62200469 | G13: 0.25811209 | H13: 0.077101002 | I13: 0.11659541 | J13: -0.29069767
... A77: 2023 | B77: May | C77: 5 | D77: Post-Covid | E77: 2 | F77: 0.71078628 | G77: 0.31596686 | H77: 0.51490515 | I77: 0.34712178 | J77: 0.56148231

Sheet Que 4 Analysis M-o-M
B2: Covid index | C2: Covid-19 | D2: Year | E2: Month | F2: Average of Food and Beverages | H2: Covid index | I2: Covid-19 | J2: Year | K2: Month | L2: Average of Essential | N2: Covid index | O2: Covid-19 | P2: Year | Q2: Month | R2: Average of Healthcare | T2: Covid index | U2: Covid-19 | V2: Year | W2: Month | X2: Average of General CPI
B3: 1 | C3: Pre-covid | D3: 2017 | E3: January | F3: -0.67416923 | H3: 1 | I3: Pre-covid | J3: 2017 | K3: January | L3: 0.3478597 | N3: 1 | O3: Pre-covid | P3: 2017 | Q3: January | R3: 0.32258065 | T3: 1 | U3: Pre-covid | V3: 2017 | W3: January | X3: -0.076687117
E4: February | F4: -0.23515579 | K4: February | L4: 0.32739528 | Q4: February | R4: 0.48231511 | W4: February | X4: 0.23023791
E5: March | F5: -0.14464027 | K5: March | L5: 0.39351185 | Q5: March | R5: 0.16 | W5: March | X5: 0.22970904
E6: April | F6: -0.010729614 | K6: April | L6: 0.29636711 | Q6: April | R6: 0.31948882 | W6: April | X6: 0.15278839
E7: May | F7: 0.10730765 | K7: May | L7: 0.15251168 | Q7: May | R7: 0.079617834 | W7: May | X7: 0.22883295
E8: June | F8: 0.82538321 | K8: June | L8: 0.028552394 | Q8: June | R8: 0.19888624 | W8: June | X8: 0.456621
E9: July | F9: 1.9349351 | K9: July | L9: 0.51379638 | Q9: July | R9: 0.43668122 | W9: July | X9: 1.6666667
E10: August | F10: 0.8343763 | K10: August | L10: 0.76675502 | Q10: August | R10: 0.67193676 | W10: August | X10: 0.89418778
E11: September | F11: -0.66197766 | K11: September | L11: 0.53546266 | Q11: September | R11: 0.62819003 | W11: September | X11: -0.14771049
E12: October | F12: 0.54664723 | K12: October | L12: 0.51392263 | Q12: October | R12: 0.46820133 | W12: October | X12: 0.66568047
E13: December | F13: -0.62200469 | K13: December | L13: 0.25811209 | Q13: December | R13: 0.077101002 | W13: December | X13: -0.29069767
E14: November | F14: 1.5585357 | K14: November | L14: 0.84596077 | Q14: November | R14: 0.73786408 | W14: November | X14: 1.1021308
D15: 2018 | E15: January | F15: -0.74902524 | J15: 2018 | K15: January | L15: 0.35858772 | P15: 2018 | Q15: January | R15: 0.38520801 | V15: 2018 | W15: January | X15: -0.21865889
E16: February | F16: -0.99762225 | K16: February | L16: 0.26568942 | Q16: February | R16: 0.34535687 | W16: February | X16: -0.36523009
E17: March | F17: -0.15663343 | K17: March | L17: 0.3746345 | Q17: March | R17: 0.38240918 | W17: March | X17: 0.073313783
E18: April | F18: 0.088898185 | K18: April | L18: 0.61902594 | Q18: April | R18: 0.72380952 | W18: April | X18: 0.43956044
E19: May | F19: 0.19331243 | K19: May | L19: 0.47950783 | Q19: May | R19: 0.56732224 | W19: May | X19: 0.51057622
E20: June | F20: 0.76654325 | K20: June | L20: 0.36916982 | Q20: June | R20: 0.15043249 | W20: June | X20: 0.50798258
E21: July | F21: 1.0556821 | K21: July | L21: 0.56517449 | Q21: July | R21: 0.30041307 | W21: July | X21: 0.93862816
E22: August | F22: 0.19459238 | K22: August | L22: 0.57091882 | Q22: August | R22: 0.26207413 | W22: August | X22: 0.42918455
E23: September | F23: -0.91485229 | K23: September | L23: 0.47897818 | Q23: September | R23: 0.56011949 | W23: September | X23: -0.14245014
E24: October | F24: 0.0051580956 | K24: October | L24: 0.78566384 | Q24: October | R24: 1.7823988 | W24: October | X24: 0.42796006
E25: December | F25: -0.64489501 | K25: December | L25: -0.078857443 | Q25: December | R25: 1.0944911 | W25: December | X25: -0.49715909
E26: November | F26: -0.025789148 | K26: November | L26: -0.035035473 | Q26: November | R26: 0 | W26: November | X26: 0
D27: 2019 | E27: January | F27: -0.47772354 | J27: 2019 | K27: January | L27: -0.27183444 | P27: 2019 | Q27: January | R27: 0.28870444 | V27: 2019 | W27: January | X27: -0.35688794
E28: February | F28: 0.20348534 | K28: February | L28: 0.12309857 | Q28: February | R28: 0.64771501 | W28: February | X28: 0.21489971
E29: March | F29: 0.30721166 | K29: March | L29: 0.28102222 | Q29: March | R29: -0.035752592 | W29: March | X29: 0.35739814
E30: May | F30: 1.5365449 | K30: May | L30: 0.42035204 | Q30: May | R30: 0.25035765 | W30: May | X30: 1.1396011
E31: June | F31: 1.1758691 | K31: June | L31: 0.10464812 | Q31: June | R31: 0.49946486 | W31: June | X31: 0.63380282
E32: July | F32: 1.1975745 | K32: July | L32: 0.24392369 | Q32: July | R32: 0.67447639 | W32: July | X32: 0.90972708
E33: August | F33: 0.47935287 | K33: August | L33: 0.19118797 | Q33: August | R33: 1.1636107 | W33: August | X33: 0.55478502
E34: September | F34: 0.59136312 | K34: September | L34: 0.18214936 | Q34: September | R34: 0.62739631 | W34: September | X34: 0.55172414
E35: October | F35: 1.4079636 | K35: October | L35: 0.32034632 | Q35: October | R35: 0.24246623 | W35: October | X35: 0.96021948
E36: December | F36: 1.7221474 | K36: December | L36: 0.49023824 | Q36: December | R36: 0.20675396 | W36: December | X36: 1.2113055
E37: November | F37: 1.2714961 | K37: November | L37: 0.34521446 | Q37: November | R37: 0.276434 | W37: November | X37: 0.95108696
D38: 2020 | E38: January | F38: -0.23645134 | J38: 2020 | K38: January | L38: 0.38514207 | P38: 2020 | Q38: January | R38: 0.92847318 | V38: 2020 | W38: January | X38: -0.13297872
E39: February | F39: -1.3225256 | K39: February | L39: 0.34103504 | Q39: February | R39: 0.5451448 | W39: February | X39: -0.73235686
B40: 2 | C40: Post-Covid | D40: 2020 | E40: March | F40: -0.72536869 | H40: 2 | I40: Post-Covid | J40: 2020 | K40: March | L40: 0.15294418 | N40: 2 | O40: Post-Covid | P40: 2020 | Q40: March | R40: 0.81328363 | T40: 2 | U40: Post-Covid | V40: 2020 | W40: March | X40: -0.33534541
E41: April | F41: 2.5694377 | K41: April | L41: -0.33935692 | Q41: April | R41: -0.94117647 | W41: April | X41: 0.269179
E42: May | F42: -1.2596122 | K42: May | L42: 0.19579467 | Q42: May | R42: 0.7804547 | W42: May | X42: 0
E43: June | F43: 2.7376971 | K43: June | L43: 0.48428207 | Q43: June | R43: 3.030303 | W43: June | X43: 1.8791946
E44: July | F44: 0 | K44: July | L44: 0 | Q44: July | R44: 0 | W44: July | X44: 0
E45: August | F45: 1.2788913 | K45: August | L45: 0.79479158 | Q45: August | R45: 1.0784314 | W45: August | X45: 1.3833992
E46: September | F46: 0.62448342 | K46: September | L46: 0.21810251 | Q46: September | R46: 1.5195603 | W46: September | X46: 0.51981806
E47: October | F47: 1.8937665 | K47: October | L47: 0.27621997 | Q47: October | R47: -0.22292994 | W47: October | X47: 1.0989011
E48: December | F48: 0.61831258 | K48: December | L48: 0.4160426 | Q48: December | R48: 0.41388093 | W48: December | X48: 0.31565657
E49: November | F49: 2.1272784 | K49: November | L49: 0.31719533 | Q49: November | R49: 0.25534631 | W49: November | X49: 1.2787724
D50: 2021 | E50: January | F50: -1.3728481 | J50: 2021 | K50: January | L50: 0.4723235 | P50: 2021 | Q50: January | R50: 0.22194039 | V50: 2021 | W50: January | X50: -1.0069226
E51: February | F51: -1.5642952 | K51: February | L51: 1.2865979 | Q51: February | R51: 0.31635558 | W51: February | X51: -0.44500954
E52: March | F52: -0.0044891363 | K52: March | L52: 0.56998616 | Q52: March | R52: -0.50457269 | W52: March | X52: 0.12771392
E53: April | F53: 1.1402918 | K53: April | L53: 0.42101854 | Q53: April | R53: 0.69730586 | W53: April | X53: 0.6377551
E54: May | F54: 1.9841094 | K54: May | L54: 1.596388 | Q54: May | R54: 2.1089078 | W54: May | X54: 1.6476553
E55: June | F55: 1.1794916 | K55: June | L55: 0.16665344 | Q55: June | R55: 0.21578298 | W55: June | X55: 0.56109726
E56: July | F56: 0.58072009 | K56: July | L56: 0.74473142 | Q56: July | R56: 0.61519532 | W56: July | X56: 0.74395536
E57: August | F57: -0.17534856 | K57: August | L57: 0.89650834 | Q57: August | R57: 0.39743198 | W57: August | X57: 0.43076923
E58: September | F58: 0 | K58: September | L58: 0.0077942323 | Q58: September | R58: 0 | W58: September | X58: 0
E59: October | F59: 1.4609485 | K59: October | L59: 0.70142623 | Q59: October | R59: 0.45676005 | W59: October | X59: 1.4093137
E60: December | F60: -0.57394219 | K60: December | L60: 0.39324543 | Q60: December | R60: 0.33122553 | W60: December | X60: -0.29994001
E61: November | F61: 0.79385187 | K61: November | L61: 0.37148827 | Q61: November | R61: 0.66686875 | W61: November | X61: 0.72507553
D62: 2022 | E62: January | F62: -0.71208865 | J62: 2022 | K62: January | L62: 0.62211982 | P62: 2022 | Q62: January | R62: 0.36014406 | V62: 2022 | W62: January | X62: -0.30084236
E63: February | F63: -0.10185028 | K63: February | L63: 0.61064041 | Q63: February | R63: 0.65789474 | W63: February | X63: 0.24140012
E64: March | F64: 1.0152931 | K64: March | L64: 0.67521432 | Q64: March | R64: 1.0695187 | W64: March | X64: 0.96327514
E65: April | F65: 1.2742336 | K65: April | L65: 1.4242653 | Q65: April | R65: 0.76425632 | W65: April | X65: 1.431127
E66: May | F66: 1.0298148 | K66: May | L66: 0.809867 | Q66: May | R66: 0.11668611 | W66: May | X66: 0.94062316
E67: June | F67: 0.95355528 | K67: June | L67: 0.40536557 | Q67: June | R67: 0.46620047 | W67: June | X67: 0.52417006
E68: July | F68: 0.1913525 | K68: July | L68: 0.91022535 | Q68: July | R68: 0.2900232 | W68: July | X68: 0.46349942
E69: August | F69: 0.13409728 | K69: August | L69: 0.47283044 | Q69: August | R69: 0.6362059 | W69: August | X69: 0.51903114
E70: September | F70: 0.51132213 | K70: September | L70: 0.56472632 | Q70: September | R70: 0.20114943 | W70: September | X70: 0.57372347
E71: October | F71: 0.67829457 | K71: October | L71: 0.54715623 | Q71: October | R71: 0.60223688 | W71: October | X71: 0.79863092
E72: December | F72: -0.52131371 | K72: December | L72: 0.26379581 | Q72: December | R72: 0.99037917 | W72: December | X72: -0.45325779
E73: November | F73: 0.0040102663 | K73: November | L73: 0.42961478 | Q73: November | R73: 0.74116306 | W73: November | X73: -0.11318619
D74: 2023 | E74: January | F74: 0.41117427 | J74: 2023 | K74: January | L74: 0.34843206 | P74: 2023 | Q74: January | R74: 1.1207621 | V74: 2023 | W74: January | X74: 0.45532157
E75: February | F75: -0.49379742 | K75: February | L75: 0.55272109 | Q75: February | R75: 1.2468828 | W75: February | X75: 0.39660057
E76: March | F76: 0.0040345356 | K76: March | L76: -0.021141649 | Q76: March | R76: 0 | W76: March | X76: 0
E77: April | F77: 0.46395288 | K77: April | L77: 0.38767886 | Q77: April | R77: 0.98522167 | W77: April | X77: 0.50790068
E78: May | F78: 0.71078628 | K78: May | L78: 0.31596686 | Q78: May | R78: 0.51490515 | W78: May | X78: 0.56148231

Sheet Que3Urban grouping
A1: Sector | B1: Year | C1: Month | D1: Index | E1: Cereals and products | F1: Meat and fish | G1: Egg | H1: Pulses and products | I1: Milk and products | J1: Oils and fats | K1: Non-alcoholic beverages | L1: Food and beverages | M1: Fruits | N1: Vegetables | O1: Prepared meals, snacks, sweets etc. | P1: Pan, tobacco and intoxicants | Q1: Sugar and Confectionery | R1: Spices
A2: Urban | B2: 2022 | C2: May | D2: 5 | E2: 156.7 | F2: 221.2 | G2: 164.1 | H2: 164.1 | I2: 165.4 | J2: 189.5 | K2: 158.5 | L2: 177.5 | M2: 174.5 | N2: 203.2 | O2: 184.9 | P2: 197.5 | Q2: 121.2 | R2: 181.4
A3: Urban | B3: 2022 | C3: June | D3: 6 | E3: 157.5 | F3: 223.4 | G3: 172.8 | H3: 163.6 | I3: 166.4 | J3: 188.6 | K3: 159.1 | L3: 179.3 | M3: 174.1 | N3: 211.5 | O3: 186.3 | P3: 198.3 | Q3: 121.4 | R3: 183.5
A4: Urban | B4: 2022 | C4: July | D4: 7 | E4: 159.3 | F4: 217.1 | G4: 176.6 | H4: 164 | I4: 167.1 | J4: 184.8 | K4: 159.8 | L4: 179.4 | M4: 179.5 | N4: 208.5 | O4: 187.7 | P4: 198.6 | Q4: 121.5 | R4: 186.3
A5: Urban | B5: 2022 | C5: August | D5: 8 | E5: 162.1 | F5: 210.9 | G5: 170.6 | H5: 167.3 | I5: 168.4 | J5: 182.5 | K5: 160.5 | L5: 180.4 | M5: 177.1 | N5: 213.1 | O5: 188.9 | P5: 198.7 | Q5: 122.2 | R5: 189.7
A6: Urban | B6: 2022 | C6: September | D6: 9 | E6: 164.9 | F6: 213.7 | G6: 170.9 | H6: 169.2 | I6: 170.1 | J6: 179.3 | K6: 161.1 | L6: 181.8 | M6: 167.5 | N6: 220.8 | O6: 190.4 | P6: 199.7 | Q6: 123.1 | R6: 193.6
A7: Urban | B7: 2022 | C7: October | D7: 10 | E7: 166.4 | F7: 214.9 | G7: 171.9 | H7: 169.9 | I7: 171 | J7: 177.7 | K7: 161.6 | L7: 183.3 | M7: 165.7 | N7: 228.6 | O7: 191.5 | P7: 200.1 | Q7: 123.4 | R7: 196.4
A8: Urban | B8: 2022 | C8: November | D8: 11 | E8: 168.4 | F8: 213.4 | G8: 183.2 | H8: 171 | I8: 172.3 | J8: 180 | K8: 162.1 | L8: 181.3 | M8: 162.6 | N8: 205.5 | O8: 192.4 | P8: 200.6 | Q8: 123.4 | R8: 198.8
A9: Urban | B9: 2022 | C9: December | D9: 12 | E9: 170.2 | F9: 212.9 | G9: 191.9 | H9: 171.3 | I9: 173.9 | J9: 179.1 | K9: 162.8 | L9: 178.6 | M9: 159.5 | N9: 178.7 | O9: 193.3 | P9: 201.1 | Q9: 123.1 | R9: 200.5
A10: Urban | B10: 2023 | C10: January | D10: 1 | E10: 173.3 | F10: 215.2 | G10: 197 | H10: 171.2 | I10: 175.2 | J10: 178 | K10: 163.7 | L10: 179.5 | M10: 160.5 | N10: 175.3 | O10: 194.3 | P10: 201.6 | Q10: 122.7 | R10: 204.3
A11: Urban | B11: 2023 | C11: February | D11: 2 | E11: 174.7 | F11: 212.2 | G11: 177.2 | H11: 172.2 | I11: 177.9 | J11: 172.2 | K11: 164.9 | L11: 180.7 | M11: 172.1 | N11: 175.8 | O11: 196.6 | P11: 202.7 | Q11: 121.9 | R11: 204.8
A12: Urban | B12: 2023 | C12: March | D12: 3 | E12: 174.7 | F12: 212.2 | G12: 177.2 | H12: 172.2 | I12: 177.9 | J12: 172.2 | K12: 164.9 | L12: 180.8 | M12: 172.1 | N12: 175.9 | O12: 196.6 | P12: 202.7 | Q12: 121.9 | R12: 204.8
A13: Urban | B13: 2023 | C13: April | D13: 4 | E13: 174.8 | F13: 213.7 | G13: 172.4 | H13: 174.7 | I13: 178.8 | J13: 168.7 | K13: 165.5 | L13: 182.1 | M13: 179.2 | N13: 179.9 | O13: 197 | P13: 203.5 | Q13: 123.1 | R13: 207.8
A14: Urban | B14: 2023 | C14: May | D14: 5 | E14: 174.7 | F14: 219.4 | G14: 176.7 | H14: 176.9 | I14: 179.4 | J14: 164.4 | K14: 165.9 | L14: 183.1 | M14: 175.8 | N14: 185 | O14: 197.7 | P14: 204.2 | Q14: 124.2 | R14: 211.9
E15: Protein | F15: Protein | G15: Protein | H15: Protein | I15: Beverages | J15: Beverages | K15: Beverages | L15: Beverages | M15: Fruits and vegetables | N15: Fruits and vegetables | O15: Fruits and vegetables | P15: Fruits and vegetables | Q15: Spices | R15: Spices
C19: Month | D19: Protein | E19: Beverages | F19: Fruits and vegetables | G19: Spices
C20: May | D20: =E2+F2+G2+H2 -> 706.1 | E20: =I2+J2+K2+L2 -> 690.9 | F20: =M2+N2+O2+P2 -> 760.1 | G20: =Q2+R2 -> 302.6
C21: June | D21: =E3+F3+G3+H3 -> 717.3 | E21: =I3+J3+K3+L3 -> 693.4 | F21: =M3+N3+O3+P3 -> 770.2 | G21: =Q3+R3 -> 304.9
C22: July | D22: =E4+F4+G4+H4 -> 717 | E22: =I4+J4+K4+L4 -> 691.1 | F22: =M4+N4+O4+P4 -> 774.3 | G22: =Q4+R4 -> 307.8
C23: August | D23: =E5+F5+G5+H5 -> 710.9 | E23: =I5+J5+K5+L5 -> 691.8 | F23: =M5+N5+O5+P5 -> 777.8 | G23: =Q5+R5 -> 311.9
C24: September | D24: =E6+F6+G6+H6 -> 718.7 | E24: =I6+J6+K6+L6 -> 692.3 | F24: =M6+N6+O6+P6 -> 778.4 | G24: =Q6+R6 -> 316.7
C25: October | D25: =E7+F7+G7+H7 -> 723.1 | E25: =I7+J7+K7+L7 -> 693.6 | F25: =M7+N7+O7+P7 -> 785.9 | G25: =Q7+R7 -> 319.8
C26: November | D26: =E8+F8+G8+H8 -> 736 | E26: =I8+J8+K8+L8 -> 695.7 | F26: =M8+N8+O8+P8 -> 761.1 | G26: =Q8+R8 -> 322.2
C27: December | D27: =E9+F9+G9+H9 -> 746.3 | E27: =I9+J9+K9+L9 -> 694.4 | F27: =M9+N9+O9+P9 -> 732.6 | G27: =Q9+R9 -> 323.6
C28: January | D28: =E10+F10+G10+H10 -> 756.7 | E28: =I10+J10+K10+L10 -> 696.4 | F28: =M10+N10+O10+P10 -> 731.7 | G28: =Q10+R10 -> 327
C29: February | D29: =E11+F11+G11+H11 -> 736.3 | E29: =I11+J11+K11+L11 -> 695.7 | F29: =M11+N11+O11+P11 -> 747.2 | G29: =Q11+R11 -> 326.7
C30: March | D30: =E12+F12+G12+H12 -> 736.3 | E30: =I12+J12+K12+L12 -> 695.8 | F30: =M12+N12+O12+P12 -> 747.3 | G30: =Q12+R12 -> 326.7
C31: April | D31: =E13+F13+G13+H13 -> 735.6 | E31: =I13+J13+K13+L13 -> 695.1 | F31: =M13+N13+O13+P13 -> 759.6 | G31: =Q13+R13 -> 330.9
C32: May | D32: =E14+F14+G14+H14 -> 747.7 | E32: =I14+J14+K14+L14 -> 692.8 | F32: =M14+N14+O14+P14 -> 762.7 | G32: =Q14+R14 -> 336.1

Sheet Que3Rural + Urban Grouping
A1: Sector | B1: Year | C1: Month | D1: Index | E1: Cereals and products | F1: Meat and fish | G1: Egg | H1: Pulses and products | I1: Milk and products | J1: Oils and fats | K1: Non-alcoholic beverages | L1: Food and beverages | M1: Fruits | N1: Vegetables | O1: Prepared meals, snacks, sweets etc. | P1: Pan, tobacco and intoxicants | Q1: Sugar and Confectionery | R1: Spices
A2: Rural+Urban | B2: 2022 | C2: May | D2: 5 | E2: 154.1 | F2: 217 | G2: 162.4 | H2: 164.7 | I2: 164.9 | J2: 202.4 | K2: 167.1 | L2: 173.3 | M2: 171 | N2: 174.9 | O2: 182.5 | P2: 194.1 | Q2: 119.7 | R2: 184.9
A3: Rural+Urban | B3: 2022 | C3: June | D3: 6 | E3: 155 | F3: 219.4 | G3: 170.8 | H3: 164.3 | I3: 165.8 | J3: 200.9 | K3: 167.9 | L3: 174.9 | M3: 169.7 | N3: 182.3 | O3: 183.9 | P3: 194.3 | Q3: 119.9 | R3: 187.1
A4: Rural+Urban | B4: 2022 | C4: July | D4: 7 | E4: 156.5 | F4: 213 | G4: 175.2 | H4: 164.3 | I4: 166.6 | J4: 195.8 | K4: 168.4 | L4: 175 | M4: 174.2 | N4: 182.1 | O4: 185.2 | P4: 194.6 | Q4: 120 | R4: 190
A5: Rural+Urban | B5: 2022 | C5: August | D5: 8 | E5: 160.3 | F5: 206.5 | G5: 169.2 | H5: 167.2 | I5: 168.1 | J5: 192.4 | K5: 168.8 | L5: 176.3 | M5: 172.9 | N5: 186.7 | O5: 186.3 | P5: 195 | Q5: 120.9 | R5: 193.6
A6: Rural+Urban | B6: 2022 | C6: September | D6: 9 | E6: 163.5 | F6: 209.2 | G6: 169.7 | H6: 169.1 | I6: 169.7 | J6: 188.7 | K6: 169.4 | L6: 177.8 | M6: 165.7 | N6: 191.8 | O6: 187.4 | P6: 195.9 | Q6: 121.6 | R6: 197.3
A7: Rural+Urban | B7: 2022 | C7: October | D7: 10 | E7: 165.2 | F7: 210.9 | G7: 170.9 | H7: 169.8 | I7: 170.9 | J7: 186.5 | K7: 169.9 | L7: 179.6 | M7: 163.8 | N7: 199.7 | O7: 188.3 | P7: 196.3 | Q7: 121.9 | R7: 199.9
A8: Rural+Urban | B8: 2022 | C8: November | D8: 11 | E8: 167.4 | F8: 209.4 | G8: 181.4 | H8: 170.5 | I8: 172.3 | J8: 188.9 | K8: 170.4 | L8: 178.3 | M8: 160.7 | N8: 183.1 | O8: 189.5 | P8: 196.9 | Q8: 122.1 | R8: 202.8
A9: Rural+Urban | B9: 2022 | C9: December | D9: 12 | E9: 169.2 | F9: 209 | G9: 190.2 | H9: 170.8 | I9: 173.6 | J9: 188.5 | K9: 171 | L9: 175.9 | M9: 158 | N9: 159.9 | O9: 190.3 | P9: 197.3 | Q9: 121.8 | R9: 205.2
A10: Rural+Urban | B10: 2023 | C10: January | D10: 1 | E10: 173.8 | F10: 210.7 | G10: 194.5 | H10: 170.9 | I10: 174.6 | J10: 187.2 | K10: 171.4 | L10: 176.7 | M10: 158.3 | N10: 153.9 | O10: 191.2 | P10: 198.2 | Q10: 121.1 | R10: 208.4
A11: Rural+Urban | B11: 2023 | C11: February | D11: 2 | E11: 174.4 | F11: 207.7 | G11: 175.2 | H11: 171 | I11: 177.3 | J11: 179.3 | K11: 172.3 | L11: 177 | M11: 169.5 | N11: 152.7 | O11: 193 | P11: 199.5 | Q11: 120 | R11: 209.7
A12: Rural+Urban | B12: 2023 | C12: March | D12: 3 | E12: 174.4 | F12: 207.7 | G12: 175.2 | H12: 171.1 | I12: 177.3 | J12: 179.2 | K12: 172.3 | L12: 177 | M12: 169.5 | N12: 152.8 | O12: 193 | P12: 199.5 | Q12: 120 | R12: 209.7
A13: Rural+Urban | B13: 2023 | C13: April | D13: 4 | E13: 173.8 | F13: 209.3 | G13: 169.6 | H13: 173.4 | I13: 178.4 | J13: 174.9 | K13: 172.9 | L13: 177.9 | M13: 176.3 | N13: 155.4 | O13: 193.5 | P13: 200.6 | Q13: 121.3 | R13: 212.9
A14: Rural+Urban | B14: 2023 | C14: May | D14: 5 | E14: 173.7 | F14: 214.3 | G14: 173.2 | H14: 175.6 | I14: 179.5 | J14: 170 | K14: 173.4 | L14: 179.1 | M14: 172.2 | N14: 161 | O14: 194.2 | P14: 201 | Q14: 122.7 | R14: 218
E15: Proteins | F15: Proteins | G15: Proteins | H15: Proteins | I15: Beverages | J15: Beverages | K15: Beverages | L15: Beverages | M15: Fruits and vegetables | N15: Fruits and vegetables | O15: Fruits and vegetables | P15: Fruits and vegetables | Q15: Spices | R15: Spices
C18: Month | D18: Proteins | E18: Beverages | F18: Fruits and vegetables | G18: Spices
C19: May | D19: =E2+F2+G2+H2 -> 698.2 | E19: =I2+J2+K2+L2 -> 707.7 | F19: =M2+N2+O2+P2 -> 722.5 | G19: =Q2+R2 -> 304.6
C20: June | D20: =E3+F3+G3+H3 -> 709.5 | E20: =I3+J3+K3+L3 -> 709.5 | F20: =M3+N3+O3+P3 -> 730.2 | G20: =Q3+R3 -> 307
C21: July | D21: =E4+F4+G4+H4 -> 709 | E21: =I4+J4+K4+L4 -> 705.8 | F21: =M4+N4+O4+P4 -> 736.1 | G21: =Q4+R4 -> 310
C22: August | D22: =E5+F5+G5+H5 -> 703.2 | E22: =I5+J5+K5+L5 -> 705.6 | F22: =M5+N5+O5+P5 -> 740.9 | G22: =Q5+R5 -> 314.5
C23: September | D23: =E6+F6+G6+H6 -> 711.5 | E23: =I6+J6+K6+L6 -> 705.6 | F23: =M6+N6+O6+P6 -> 740.8 | G23: =Q6+R6 -> 318.9
C24: October | D24: =E7+F7+G7+H7 -> 716.8 | E24: =I7+J7+K7+L7 -> 706.9 | F24: =M7+N7+O7+P7 -> 748.1 | G24: =Q7+R7 -> 321.8
C25: November | D25: =E8+F8+G8+H8 -> 728.7 | E25: =I8+J8+K8+L8 -> 709.9 | F25: =M8+N8+O8+P8 -> 730.2 | G25: =Q8+R8 -> 324.9
C26: December | D26: =E9+F9+G9+H9 -> 739.2 | E26: =I9+J9+K9+L9 -> 709 | F26: =M9+N9+O9+P9 -> 705.5 | G26: =Q9+R9 -> 327
C27: January | D27: =E10+F10+G10+H10 -> 749.9 | E27: =I10+J10+K10+L10 -> 709.9 | F27: =M10+N10+O10+P10 -> 701.6 | G27: =Q10+R10 -> 329.5
C28: February | D28: =E11+F11+G11+H11 -> 728.3 | E28: =I11+J11+K11+L11 -> 705.9 | F28: =M11+N11+O11+P11 -> 714.7 | G28: =Q11+R11 -> 329.7
C29: March | D29: =E12+F12+G12+H12 -> 728.4 | E29: =I12+J12+K12+L12 -> 705.8 | F29: =M12+N12+O12+P12 -> 714.8 | G29: =Q12+R12 -> 329.7
C30: April | D30: =E13+F13+G13+H13 -> 726.1 | E30: =I13+J13+K13+L13 -> 704.1 | F30: =M13+N13+O13+P13 -> 725.8 | G30: =Q13+R13 -> 334.2
C31: May | D31: =E14+F14+G14+H14 -> 736.8 | E31: =I14+J14+K14+L14 -> 702 | F31: =M14+N14+O14+P14 -> 728.4 | G31: =Q14+R14 -> 340.7

Sheet Que 3 Rural Grouping
A1: Sector | B1: Year | C1: Month | D1: Index | E1: Cereals and products | F1: Meat and fish | G1: Egg | H1: Milk and products | I1: Oils and fats | J1: Fruits | K1: Vegetables | L1: Pulses and products | M1: Sugar and Confectionery | N1: Spices | O1: Non-alcoholic beverages | P1: Prepared meals, snacks, sweets etc. | Q1: Food and beverages | R1: Pan, tobacco and intoxicants
A2: Rural | B2: 2022 | C2: May | D2: 5 | E2: 152.9 | F2: 214.7 | G2: 161.4 | H2: 164.6 | I2: 209.9 | J2: 168 | K2: 160.4 | L2: 165 | M2: 118.9 | N2: 186.6 | O2: 173.2 | P2: 180.4 | Q2: 170.8 | R2: 192.9 | AA2: Proteins
A3: Rural | B3: 2022 | C3: June | D3: 6 | E3: 153.8 | F3: 217.2 | G3: 169.6 | H3: 165.4 | I3: 208.1 | J3: 165.8 | K3: 167.3 | L3: 164.6 | M3: 119.1 | N3: 188.9 | O3: 174.2 | P3: 181.9 | Q3: 172.4 | R3: 192.9 | AA3: Beverages
A4: Rural | B4: 2022 | C4: July | D4: 7 | E4: 155.2 | F4: 210.8 | G4: 174.3 | H4: 166.3 | I4: 202.2 | J4: 169.6 | K4: 168.6 | L4: 164.4 | M4: 119.2 | N4: 191.8 | O4: 174.5 | P4: 183.1 | Q4: 172.5 | R4: 193.2 | AA4: Fruits and vegetables
A5: Rural | B5: 2022 | C5: August | D5: 8 | E5: 159.5 | F5: 204.1 | G5: 168.3 | H5: 167.9 | I5: 198.1 | J5: 169.2 | K5: 173.1 | L5: 167.1 | M5: 120.2 | N5: 195.6 | O5: 174.8 | P5: 184 | Q5: 173.9 | R5: 193.7 | AA5: Spices
A6: Rural | B6: 2022 | C6: September | D6: 9 | E6: 162.9 | F6: 206.7 | G6: 169 | H6: 169.5 | I6: 194.1 | J6: 164.1 | K6: 176.9 | L6: 169 | M6: 120.8 | N6: 199.1 | O6: 175.4 | P6: 184.8 | Q6: 175.5 | R6: 194.5
A7: Rural | B7: 2022 | C7: October | D7: 10 | E7: 164.7 | F7: 208.8 | G7: 170.3 | H7: 170.9 | I7: 191.6 | J7: 162.2 | K7: 184.8 | L7: 169.7 | M7: 121.1 | N7: 201.6 | O7: 175.8 | P7: 185.6 | Q7: 177.4 | R7: 194.9
A8: Rural | B8: 2022 | C8: November | D8: 11 | E8: 166.9 | F8: 207.2 | G8: 180.2 | H8: 172.3 | I8: 194 | J8: 159.1 | K8: 171.6 | L8: 170.2 | M8: 121.5 | N8: 204.8 | O8: 176.4 | P8: 186.9 | Q8: 176.6 | R8: 195.5
A9: Rural | B9: 2022 | C9: December | D9: 12 | E9: 168.8 | F9: 206.9 | G9: 189.1 | H9: 173.4 | I9: 193.9 | J9: 156.7 | K9: 150.2 | L9: 170.5 | M9: 121.2 | N9: 207.5 | O9: 176.8 | P9: 187.7 | Q9: 174.4 | R9: 195.9
A10: Rural | B10: 2023 | C10: January | D10: 1 | E10: 174 | F10: 208.3 | G10: 192.9 | H10: 174.3 | I10: 192.6 | J10: 156.3 | K10: 142.9 | L10: 170.7 | M10: 120.3 | N10: 210.5 | O10: 176.9 | P10: 188.5 | Q10: 175 | R10: 196.9
A11: Rural | B11: 2023 | C11: February | D11: 2 | E11: 174.2 | F11: 205.2 | G11: 173.9 | H11: 177 | I11: 183.4 | J11: 167.2 | K11: 140.9 | L11: 170.4 | M11: 119.1 | N11: 212.1 | O11: 177.6 | P11: 189.9 | Q11: 174.8 | R11: 198.3
A12: Rural | B12: 2023 | C12: March | D12: 3 | E12: 174.3 | F12: 205.2 | G12: 173.9 | H12: 177 | I12: 183.3 | J12: 167.2 | K12: 140.9 | L12: 170.5 | M12: 119.1 | N12: 212.1 | O12: 177.6 | P12: 189.9 | Q12: 174.8 | R12: 198.4
A13: Rural | B13: 2023 | C13: April | D13: 4 | E13: 173.3 | F13: 206.9 | G13: 167.9 | H13: 178.2 | I13: 178.5 | J13: 173.7 | K13: 142.8 | L13: 172.8 | M13: 120.4 | N13: 215.5 | O13: 178.2 | P13: 190.5 | Q13: 175.5 | R13: 199.5
A14: Rural | B14: 2023 | C14: May | D14: 5 | E14: 173.2 | F14: 211.5 | G14: 171 | H14: 179.6 | I14: 173.3 | J14: 169 | K14: 148.7 | L14: 174.9 | M14: 121.9 | N14: 221 | O14: 178.7 | P14: 191.1 | Q14: 176.8 | R14: 199.9
E15: Proteins | F15: Proteins | G15: Proteins | H15: Beverages | I15: Beverages | J15: Fruits and vegetables | K15: Fruits and vegetables | L15: Proteins | M15: Spices | N15: Spices | O15: Beverages | P15: Fruits and vegetables | Q15: Beverages | R15: Fruits and vegetables
C19: Month | D19: Index | E19: Proteins | F19: Beverages | G19: Fruits and vegetables | H19: Spices
C20: May | D20: 5 | E20: =$E2+$F2+$G2+$L2 -> 694 | F20: =$H2+$I2+$O2+$Q2 -> 718.5 | G20: =$J2+$K2+$P2+$R2 -> 701.7 | H20: =$M2+$N2 -> 305.5
C21: June | D21: 6 | E21: =$E3+$F3+$G3+$L3 -> 705.2 | F21: =$H3+$I3+$O3+$Q3 -> 720.1 | G21: =$J3+$K3+$P3+$R3 -> 707.9 | H21: =$M3+$N3 -> 308
C22: July | D22: 7 | E22: =$E4+$F4+$G4+$L4 -> 704.7 | F22: =$H4+$I4+$O4+$Q4 -> 715.5 | G22: =$J4+$K4+$P4+$R4 -> 714.5 | H22: =$M4+$N4 -> 311
C23: August | D23: 8 | E23: =$E5+$F5+$G5+$L5 -> 699 | F23: =$H5+$I5+$O5+$Q5 -> 714.7 | G23: =$J5+$K5+$P5+$R5 -> 720 | H23: =$M5+$N5 -> 315.8
C24: September | D24: 9 | E24: =$E6+$F6+$G6+$L6 -> 707.6 | F24: =$H6+$I6+$O6+$Q6 -> 714.5 | G24: =$J6+$K6+$P6+$R6 -> 720.3 | H24: =$M6+$N6 -> 319.9
C25: October | D25: 10 | E25: =$E7+$F7+$G7+$L7 -> 713.5 | F25: =$H7+$I7+$O7+$Q7 -> 715.7 | G25: =$J7+$K7+$P7+$R7 -> 727.5 | H25: =$M7+$N7 -> 322.7
C26: November | D26: 11 | E26: =$E8+$F8+$G8+$L8 -> 724.5 | F26: =$H8+$I8+$O8+$Q8 -> 719.3 | G26: =$J8+$K8+$P8+$R8 -> 713.1 | H26: =$M8+$N8 -> 326.3
C27: December | D27: 12 | E27: =$E9+$F9+$G9+$L9 -> 735.3 | F27: =$H9+$I9+$O9+$Q9 -> 718.5 | G27: =$J9+$K9+$P9+$R9 -> 690.5 | H27: =$M9+$N9 -> 328.7
C28: January | D28: 1 | E28: =$E10+$F10+$G10+$L10 -> 745.9 | F28: =$H10+$I10+$O10+$Q10 -> 718.8 | G28: =$J10+$K10+$P10+$R10 -> 684.6 | H28: =$M10+$N10 -> 330.8
C29: February | D29: 2 | E29: =$E11+$F11+$G11+$L11 -> 723.7 | F29: =$H11+$I11+$O11+$Q11 -> 712.8 | G29: =$J11+$K11+$P11+$R11 -> 696.3 | H29: =$M11+$N11 -> 331.2
C30: March | D30: 3 | E30: =$E12+$F12+$G12+$L12 -> 723.9 | F30: =$H12+$I12+$O12+$Q12 -> 712.7 | G30: =$J12+$K12+$P12+$R12 -> 696.4 | H30: =$M12+$N12 -> 331.2
C31: April | D31: 4 | E31: =$E13+$F13+$G13+$L13 -> 720.9 | F31: =$H13+$I13+$O13+$Q13 -> 710.4 | G31: =$J13+$K13+$P13+$R13 -> 706.5 | H31: =$M13+$N13 -> 335.9
C32: May | D32: 5 | E32: =$E14+$F14+$G14+$L14 -> 730.6 | F32: =$H14+$I14+$O14+$Q14 -> 708.4 | G32: =$J14+$K14+$P14+$R14 -> 708.7 | H32: =$M14+$N14 -> 342.9

Sheet Rough
A1: Sector | B1: Year | C1: Month | D1: Index | E1: Cereals and products | F1: Inflamation Cereals and products | G1: Contribution Cereals and products | H1: Meat and fish | I1: Inflamation Meat and fish | J1: Contribution Meat and fish | K1: Egg | L1: Inflamation Egg | M1: Contribution Egg | N1: Milk and products | O1: Inflamation Milk and products | P1: Contribution Milk and products | Q1: Oils and fats | R1: Inflamation Oils and fats | S1: Contribution Oils and fats | T1: Fruits | U1: Inflamation Fruits | V1: Contribution Fruits | W1: Vegetables | X1: Inflamation Vegetables | Y1: Contribution Vegetables | Z1: Pulses and products | AA1: Inflamation Pulses and products | AB1: Contribution Pulses and products | AC1: Sugar and Confectionery | AD1: Inflamation Sugar and Confectionery | AE1: Contribution Sugar and Confectionery | AF1: Spices | AG1: Inflamation Spices | AH1: Contribution Spices | AI1: Non-alcoholic beverages | AJ1: Inflamation Non-alcoholic beverages | AK1: Contribution Non-alcoholic beverages | AL1: Prepared meals, snacks, sweets etc. | AM1: Inflamation Prepared meals, snacks, sweets etc. | AN1: Contribution Prepared meals, snacks, sweets etc. | AO1: Food and beverages | AP1: Inflamation Food and beverages | AQ1: Contribution Food and beverages | AR1: Pan, tobacco and intoxicants | AS1: Inflamation Pan, tobacco and intoxicants | AT1: Contribution Pan, tobacco and intoxicants
A2: Rural | B2: 2022 | C2: May | D2: 5 | E2: 152.9 | H2: 214.7 | K2: 161.4 | N2: 164.6 | Q2: 209.9 | T2: 168 | W2: 160.4 | Z2: 165 | AC2: 118.9 | AF2: 186.6 | AI2: 173.2 | AL2: 180.4 | AO2: 170.8 | AR2: 192.9
A3: Rural | B3: 2022 | C3: June | D3: 6 | E3: 153.8 | F3: 0.58862001 | G3: =F3*$E$16 -> 0.039778259 | H3: 217.2 | I3: 1.1644155 | J3: =I3*$H$16 -> 0.098275786 | K3: 169.6 | L3: 5.0805452 | M3: =L3*$K$16 -> 0.36042872 | N3: 165.4 | O3: 0.48602673 | P3: =O3*$N$16 -> 0.034010659 | Q3: 208.1 | R3: -0.85755121 | S3: =R3*$Q$16 -> -0.066418662 | T3: 165.8 | U3: -1.3095238 | V3: =U3*$T$16 -> -0.087580533 | W3: 167.3 | X3: 4.3017456 | Y3: =X3*$W$16 -> 0.27732528 | Z3: 164.6 | AA3: -0.24242424 | AB3: =AA3*$Z$16 -> -0.016661145 | AC3: 119.1 | AD3: 0.16820858 | AE3: =AD3*$AC$16 -> 0.0082033704 | AF3: 188.9 | AG3: 1.2325831 | AH3: =AG3*$AF$16 -> 0.10243459 | AI3: 174.2 | AJ3: 0.57736721 | AK3: =AJ3*$AI$16 -> 0.041281885 | AL3: 181.9 | AM3: 0.82462892 | AN3: =AM3*$AL$16 -> 0.062498432 | AO3: 172.4 | AP3: 0.93676815 | AQ3: =AP3*$AO$16 -> 0.066431758 | AR3: 192.9 | AS3: 0 | AT3: =AS3*$AR$16 -> 0
A4: Rural | B4: 2022 | C4: July | D4: 7 | E4: 155.2 | F4: 0.91027308 | G4: =F4*$E$16 -> 0.0615152 | H4: 210.8 | I4: -2.946593 | J4: =I4*$H$16 -> -0.24869022 | K4: 174.3 | L4: 2.7712264 | M4: =L4*$K$16 -> 0.1965989 | N4: 166.3 | O4: 0.54413543 | P4: =O4*$N$16 -> 0.038076927 | Q4: 202.2 | R4: -2.8351754 | S4: =R4*$Q$16 -> -0.2195887 | T4: 169.6 | U4: 2.291918 | V4: =U4*$T$16 -> 0.15328274 | W4: 168.6 | X4: 0.77704722 | Y4: =X4*$W$16 -> 0.050094742 | Z4: 164.4 | AA4: -0.12150668 | AB4: =AA4*$Z$16 -> -0.0083508168 | AC4: 119.2 | AD4: 0.083963056 | AE4: =AD4*$AC$16 -> 0.0040947974 | AF4: 191.8 | AG4: 1.5352038 | AH4: =AG4*$AF$16 -> 0.12758408 | AI4: 174.5 | AJ4: 0.17221584 | AK4: =AJ4*$AI$16 -> 0.012313472 | AL4: 183.1 | AM4: 0.65537957 | AN4: =AM4*$AL$16 -> 0.049671064 | AO4: 172.5 | AP4: 0.05800464 | AQ4: =AP4*$AO$16 -> 0.0041134514 | AR4: 193.2 | AS4: 0.155521 | AT4: =AS4*$AR$16 -> 0.012363139
A5: Rural | B5: 2022 | C5: August | D5: 8 | E5: 159.5 | F5: 2.7706186 | G5: =F5*$E$16 -> 0.18723519 | H5: 204.1 | I5: -3.1783681 | J5: =I5*$H$16 -> -0.26825187 | K5: 168.3 | L5: -3.4423408 | M5: =L5*$K$16 -> -0.24420971 | N5: 167.9 | O5: 0.96211666 | P5: =O5*$N$16 -> 0.067325971 | Q5: 198.1 | R5: -2.0276954 | S5: =R5*$Q$16 -> -0.15704813 | T5: 169.2 | U5: -0.23584906 | V5: =U5*$T$16 -> -0.015773509 | W5: 173.1 | X5: 2.6690391 | Y5: =X5*$W$16 -> 0.17206783 | Z5: 167.1 | AA5: 1.6423358 | AB5: =AA5*$Z$16 -> 0.11287318 | AC5: 120.2 | AD5: 0.83892617 | AE5: =AD5*$AC$16 -> 0.040913622 | AF5: 195.6 | AG5: 1.9812304 | AH5: =AG5*$AF$16 -> 0.1646514 | AI5: 174.8 | AJ5: 0.17191977 | AK5: =AJ5*$AI$16 -> 0.012292302 | AL5: 184 | AM5: 0.48913043 | AN5: =AM5*$AL$16 -> 0.037071081 | AO5: 173.9 | AP5: 0.8115942 | AQ5: =AP5*$AO$16 -> 0.057554934 | AR5: 193.7 | AS5: 0.25879917 | AT5: =AS5*$AR$16 -> 0.020573236
A6: Rural | B6: 2022 | C6: September | D6: 9 | E6: 162.9 | F6: 2.1316614 | G6: =F6*$E$16 -> 0.14405521 | H6: 206.7 | I6: 1.2738854 | J6: =I6*$H$16 -> 0.10751496 | K6: 169 | L6: 0.41592395 | M6: =L6*$K$16 -> 0.02950686 | N6: 169.5 | O6: 0.95294818 | P6: =O6*$N$16 -> 0.066684389 | Q6: 194.1 | R6: -2.0191822 | S6: =R6*$Q$16 -> -0.15638877 | T6: 164.1 | U6: -3.0141844 | V6: =U6*$T$16 -> -0.20158769 | W6: 176.9 | X6: 2.1952629 | Y6: =X6*$W$16 -> 0.14152438 | Z6: 169 | AA6: 1.1370437 | AB6: =AA6*$Z$16 -> 0.078145854 | AC6: 120.8 | AD6: 0.49916805 | AE6: =AD6*$AC$16 -> 0.024343945 | AF6: 199.1 | AG6: 1.7893661 | AH6: =AG6*$AF$16 -> 0.14870639 | AI6: 175.4 | AJ6: 0.34324943 | AK6: =AJ6*$AI$16 -> 0.024542411 | AL6: 184.8 | AM6: 0.43290043 | AN6: =AM6*$AL$16 -> 0.032809422 | AO6: 175.5 | AP6: 0.92006901 | AQ6: =AP6*$AO$16 -> 0.065247523 | AR6: 194.5 | AS6: 0.41300981 | AT6: =AS6*$AR$16 -> 0.032832208
A7: Rural | B7: 2022 | C7: October | D7: 10 | E7: 164.7 | F7: 1.1049724 | G7: =F7*$E$16 -> 0.074672753 | H7: 208.8 | I7: 1.0159652 | J7: =I7*$H$16 -> 0.085746693 | K7: 170.3 | L7: 0.76923077 | M7: =L7*$K$16 -> 0.054571479 | N7: 170.9 | O7: 0.8259587 | P7: =O7*$N$16 -> 0.057798055 | Q7: 191.6 | R7: -1.2879959 | S7: =R7*$Q$16 -> -0.099757264 | T7: 162.2 | U7: -1.1578306 | V7: =U7*$T$16 -> -0.07743534 | W7: 184.8 | X7: 4.4657999 | Y7: =X7*$W$16 -> 0.28790154 | Z7: 169.7 | AA7: 0.41420118 | AB7: =AA7*$Z$16 -> 0.028466897 | AC7: 121.1 | AD7: 0.24834437 | AE7: =AD7*$AC$16 -> 0.012111516 | AF7: 201.6 | AG7: 1.2556504 | AH7: =AG7*$AF$16 -> 0.10435162 | AI7: 175.8 | AJ7: 0.22805017 | AK7: =AJ7*$AI$16 -> 0.016305638 | AL7: 185.6 | AM7: 0.43103448 | AN7: =AM7*$AL$16 -> 0.032668002 | AO7: 177.4 | AP7: 1.0826211 | AQ7: =AP7*$AO$16 -> 0.07677505 | AR7: 194.9 | AS7: 0.20565553 | AT7: =AS7*$AR$16 -> 0.016348583
A8: Rural | B8: 2022 | C8: November | D8: 11 | E8: 166.9 | F8: 1.335762 | G8: =F8*$E$16 -> 0.090269248 | H8: 207.2 | I8: -0.76628352 | J8: =I8*$H$16 -> -0.064673751 | K8: 180.2 | L8: 5.8132707 | M8: =L8*$K$16 -> 0.41241041 | N8: 172.3 | O8: 0.81919251 | P8: =O8*$N$16 -> 0.057324578 | Q8: 194 | R8: 1.2526096 | S8: =R8*$Q$16 -> 0.097016543 | T8: 159.1 | U8: -1.9112207 | V8: =U8*$T$16 -> -0.12782183 | W8: 171.6 | X8: -7.1428571 | Y8: =X8*$W$16 -> -0.46048629 | Z8: 170.2 | AA8: 0.2946376 | AB8: =AA8*$Z$16 -> 0.020249624 | AC8: 121.5 | AD8: 0.33030553 | AE8: =AD8*$AC$16 -> 0.016108683 | AF8: 204.8 | AG8: 1.5873016 | AH8: =AG8*$AF$16 -> 0.13191369 | AI8: 176.4 | AJ8: 0.34129693 | AK8: =AJ8*$AI$16 -> 0.024402807 | AL8: 186.9 | AM8: 0.69555912 | AN8: =AM8*$AL$16 -> 0.052716263 | AO8: 176.6 | AP8: -0.45095829 | AQ8: =AP8*$AO$16 -> -0.031980113 | AR8: 195.5 | AS8: 0.30785018 | AT8: =AS8*$AR$16 -> 0.024472545
A9: Rural | B9: 2022 | C9: December | D9: 12 | E9: 168.8 | F9: 1.1384062 | G9: =F9*$E$16 -> 0.076932174 | H9: 206.9 | I9: -0.14478764 | J9: =I9*$H$16 -> -0.012219968 | K9: 189.1 | L9: 4.9389567 | M9: =L9*$K$16 -> 0.35038402 | N9: 173.4 | O9: 0.63842136 | P9: =O9*$N$16 -> 0.044674767 | Q9: 193.9 | R9: -0.051546392 | S9: =R9*$Q$16 -> -0.0039923474 | T9: 156.7 | U9: -1.5084852 | V9: =U9*$T$16 -> -0.10088701 | W9: 150.2 | X9: -12.470862 | Y9: =X9*$W$16 -> -0.80397256 | Z9: 170.5 | AA9: 0.17626322 | AB9: =AA9*$Z$16 -> 0.012114081 | AC9: 121.2 | AD9: -0.24691358 | AE9: =AD9*$AC$16 -> -0.012041738 | AF9: 207.5 | AG9: 1.3183594 | AH9: =AG9*$AF$16 -> 0.10956308 | AI9: 176.8 | AJ9: 0.22675737 | AK9: =AJ9*$AI$16 -> 0.016213203 | AL9: 187.7 | AM9: 0.42621204 | AN9: =AM9*$AL$16 -> 0.03230251 | AO9: 174.4 | AP9: -1.2457531 | AQ9: =AP9*$AO$16 -> -0.088343705 | AR9: 195.9 | AS9: 0.20460358 | AT9: =AS9*$AR$16 -> 0.016264958
A10: Rural | B10: 2023 | C10: January | D10: 1 | E10: 174 | F10: 3.0805687 | G10: =F10*$E$16 -> 0.20818127 | H10: 208.3 | I10: 0.67665539 | J10: =I10*$H$16 -> 0.057109204 | K10: 192.9 | L10: 2.0095188 | M10: =L10*$K$16 -> 0.14256113 | N10: 174.3 | O10: 0.51903114 | P10: =O10*$N$16 -> 0.036320206 | Q10: 192.6 | R10: -0.67044868 | S10: =R10*$Q$16 -> -0.051927283 | T10: 156.3 | U10: -0.25526484 | V10: =U10*$T$16 -> -0.017072031 | W10: 142.9 | X10: -4.8601864 | Y10: =X10*$W$16 -> -0.31332689 | Z10: 170.7 | AA10: 0.11730205 | AB10: =AA10*$Z$16 -> 0.0080618443 | AC10: 120.3 | AD10: -0.74257426 | AE10: =AD10*$AC$16 -> -0.036214631 | AF10: 210.5 | AG10: 1.4457831 | AH10: =AG10*$AF$16 -> 0.12015271 | AI10: 176.9 | AJ10: 0.056561086 | AK10: =AJ10*$AI$16 -> 0.0040441304 | AL10: 188.5 | AM10: 0.42440318 | AN10: =AM10*$AL$16 -> 0.032165418 | AO10: 175 | AP10: 0.3440367 | AQ10: =AP10*$AO$16 -> 0.024397672 | AR10: 196.9 | AS10: 0.51046452 | AT10: =AS10*$AR$16 -> 0.040579368
A11: Rural | B11: 2023 | C11: February | D11: 2 | E11: 174.2 | F11: 0.11494253 | G11: =F11*$E$16 -> 0.0077676829 | H11: 205.2 | I11: -1.4882381 | J11: =I11*$H$16 -> -0.12560617 | K11: 173.9 | L11: -9.849663 | M11: =L11*$K$16 -> -0.69876388 | N11: 177 | O11: 1.5490534 | P11: =O11*$N$16 -> 0.108398 | Q11: 183.4 | R11: -4.7767394 | S11: =R11*$Q$16 -> -0.36996582 | T11: 167.2 | U11: 6.9737684 | V11: =U11*$T$16 -> 0.4664034 | W11: 140.9 | X11: -1.3995801 | Y11: =X11*$W$16 -> -0.090228244 | Z11: 170.4 | AA11: -0.17574692 | AB11: =AA11*$Z$16 -> -0.012078598 | AC11: 119.1 | AD11: -0.99750623 | AE11: =AD11*$AC$16 -> -0.048647418 | AF11: 212.1 | AG11: 0.76009501 | AH11: =AG11*$AF$16 -> 0.063168173 | AI11: 177.6 | AJ11: 0.39570379 | AK11: =AJ11*$AI$16 -> 0.02829291 | AL11: 189.9 | AM11: 0.73723012 | AN11: =AM11*$AL$16 -> 0.055874498 | AO11: 174.8 | AP11: -0.11428571 | AQ11: =AP11*$AO$16 -> -0.0081046744 | AR11: 198.3 | AS11: 0.71102082 | AT11: =AS11*$AR$16 -> 0.056522588
A12: Rural | B12: 2023 | C12: March | D12: 3 | E12: 174.3 | F12: 0.057405281 | G12: =F12*$E$16 -> 0.0038793824 | H12: 205.2 | I12: 0 | J12: =I12*$H$16 -> 0 | K12: 173.9 | L12: 0 | M12: =L12*$K$16 -> 0 | N12: 177 | O12: 0 | P12: =O12*$N$16 -> 0 | Q12: 183.3 | R12: -0.054525627 | S12: =R12*$Q$16 -> -0.0042230938 | T12: 167.2 | U12: 0 | V12: =U12*$T$16 -> 0 | W12: 140.9 | X12: 0 | Y12: =X12*$W$16 -> 0 | Z12: 170.5 | AA12: 0.058685446 | AB12: =AA12*$Z$16 -> 0.0040332877 | AC12: 119.1 | AD12: 0 | AE12: =AD12*$AC$16 -> 0 | AF12: 212.1 | AG12: 0 | AH12: =AG12*$AF$16 -> 0 | AI12: 177.6 | AJ12: 0 | AK12: =AJ12*$AI$16 -> 0 | AL12: 189.9 | AM12: 0 | AN12: =AM12*$AL$16 -> 0 | AO12: 174.8 | AP12: 0 | AQ12: =AP12*$AO$16 -> 0 | AR12: 198.4 | AS12: 0.050428643 | AT12: =AS12*$AR$16 -> 0.0040088241
A13: Rural | B13: 2023 | C13: April | D13: 4 | E13: 173.3 | F13: -0.57372347 | G13: =F13*$E$16 -> -0.038771567 | H13: 206.9 | I13: 0.82846004 | J13: =I13*$H$16 -> 0.069921402 | K13: 167.9 | L13: -3.4502588 | M13: =L13*$K$16 -> -0.24477144 | N13: 178.2 | O13: 0.6779661 | P13: =O13*$N$16 -> 0.047441987 | Q13: 178.5 | R13: -2.6186579 | S13: =R13*$Q$16 -> -0.20281909 | T13: 173.7 | U13: 3.8875598 | V13: =U13*$T$16 -> 0.25999876 | W13: 142.8 | X13: 1.3484741 | Y13: =X13*$W$16 -> 0.086933536 | Z13: 172.8 | AA13: 1.3489736 | AB13: =AA13*$Z$16 -> 0.092711209 | AC13: 120.4 | AD13: 1.0915197 | AE13: =AD13*$AC$16 -> 0.053232366 | AF13: 215.5 | AG13: 1.6030174 | AH13: =AG13*$AF$16 -> 0.13321977 | AI13: 178.2 | AJ13: 0.33783784 | AK13: =AJ13*$AI$16 -> 0.024155481 | AL13: 190.5 | AM13: 0.31496063 | AN13: =AM13*$AL$16 -> 0.023870792 | AO13: 175.5 | AP13: 0.40045767 | AQ13: =AP13*$AO$16 -> 0.028398816 | AR13: 199.5 | AS13: 0.55443548 | AT13: =AS13*$AR$16 -> 0.044074839
A14: Rural | B14: 2023 | C14: May | D14: 5 | E14: 173.2 | F14: -0.057703405 | G14: =F14*$E$16 -> -0.0038995292 | H14: 211.5 | I14: 2.2232963 | J14: =I14*$H$16 -> 0.18764453 | K14: 171 | L14: 1.8463371 | M14: =L14*$K$16 -> 0.13098455 | N14: 179.6 | O14: 0.78563412 | P14: =O14*$N$16 -> 0.054976265 | Q14: 173.3 | R14: -2.9131653 | S14: =R14*$Q$16 -> -0.22562914 | T14: 169 | U14: -2.7058146 | V14: =U14*$T$16 -> -0.18096402 | W14: 148.7 | X14: 4.1316527 | Y14: =X14*$W$16 -> 0.26635971 | Z14: 174.9 | AA14: 1.2152778 | AB14: =AA14*$Z$16 -> 0.083522666 | AC14: 121.9 | AD14: 1.2458472 | AE14: =AD14*$AC$16 -> 0.060758767 | AF14: 221 | AG14: 2.5522042 | AH14: =AG14*$AF$16 -> 0.21210253 | AI14: 178.7 | AJ14: 0.28058361 | AK14: =AJ14*$AI$16 -> 0.020061791 | AL14: 191.1 | AM14: 0.31397174 | AN14: =AM14*$AL$16 -> 0.023795845 | AO14: 176.8 | AP14: 0.74074074 | AQ14: =AP14*$AO$16 -> 0.052530297 | AR14: 199.9 | AS14: 0.20050125 | AT14: =AS14*$AR$16 -> 0.015938844
E15: 2000.8 | H15: 2498.8 | K15: 2100.4 | N15: 2071.8 | Q15: 2293.1 | T15: 1980.1 | W15: 1908.7 | Z15: 2034.8 | AC15: 1443.9 | AF15: 2460.5 | AI15: 2116.9 | AL15: 2243.9 | AO15: 2099.6 | AR15: 2353.6 | AU15: 29606.9
E16: 0.067578841 | H16: 0.084399245 | K16: 0.070942922 | N16: 0.069976931 | Q16: 0.07745154 | T16: 0.06687968 | W16: 0.06446808 | Z16: 0.068727222 | AC16: 0.048769037 | AF16: 0.083105627 | AI16: 0.071500225 | AL16: 0.075789765 | AO16: 0.070915901 | AR16: 0.079494983 | AU16: 29606.9
D21: Index | E21: Month | F21: Contribution Cereals and products | G21: Contribution Meat and fish | H21: Contribution Egg | I21: Contribution Milk and products | J21: Contribution Oils and fats | K21: Contribution Fruits | L21: Contribution Vegetables | M21: Contribution Pulses and products | N21: Contribution Sugar and Confectionery | O21: Contribution Spices | P21: Contribution Non-alcoholic beverages | Q21: Contribution Prepared meals, snacks, sweets etc. | R21: Contribution Food and beverages | S21: Contribution Pan, tobacco and intoxicants | T21: Overall contribution
D22: 5 | E22: May
D23: 6 | E23: June | F23: 0.039778259 | G23: 0.098275786 | H23: 0.36042872 | I23: 0.034010659 | J23: -0.066418662 | K23: -0.087580533 | L23: 0.27732528 | M23: -0.016661145 | N23: 0.0082033704 | O23: 0.10243459 | P23: 0.041281885 | Q23: 0.062498432 | R23: 0.066431758 | S23: 0 | T23: =SUM($F23:$S23) -> 0.9200084
D24: 7 | E24: July | F24: 0.0615152 | G24: -0.24869022 | H24: 0.1965989 | I24: 0.038076927 | J24: -0.2195887 | K24: 0.15328274 | L24: 0.050094742 | M24: -0.0083508168 | N24: 0.0040947974 | O24: 0.12758408 | P24: 0.012313472 | Q24: 0.049671064 | R24: 0.0041134514 | S24: 0.012363139 | T24: =SUM($F24:$S24) -> 0.23307877
D25: 8 | E25: August | F25: 0.18723519 | G25: -0.26825187 | H25: -0.24420971 | I25: 0.067325971 | J25: -0.15704813 | K25: -0.015773509 | L25: 0.17206783 | M25: 0.11287318 | N25: 0.040913622 | O25: 0.1646514 | P25: 0.012292302 | Q25: 0.037071081 | R25: 0.057554934 | S25: 0.020573236 | T25: =SUM($F25:$S25) -> 0.18727552
D26: 9 | E26: September | F26: 0.14405521 | G26: 0.10751496 | H26: 0.02950686 | I26: 0.066684389 | J26: -0.15638877 | K26: -0.20158769 | L26: 0.14152438 | M26: 0.078145854 | N26: 0.024343945 | O26: 0.14870639 | P26: 0.024542411 | Q26: 0.032809422 | R26: 0.065247523 | S26: 0.032832208 | T26: =SUM($F26:$S26) -> 0.53793709
D27: 10 | E27: October | F27: 0.074672753 | G27: 0.085746693 | H27: 0.054571479 | I27: 0.057798055 | J27: -0.099757264 | K27: -0.07743534 | L27: 0.28790154 | M27: 0.028466897 | N27: 0.012111516 | O27: 0.10435162 | P27: 0.016305638 | Q27: 0.032668002 | R27: 0.07677505 | S27: 0.016348583 | T27: =SUM($F27:$S27) -> 0.67052522
D28: 11 | E28: November | F28: 0.090269248 | G28: -0.064673751 | H28: 0.41241041 | I28: 0.057324578 | J28: 0.097016543 | K28: -0.12782183 | L28: -0.46048629 | M28: 0.020249624 | N28: 0.016108683 | O28: 0.13191369 | P28: 0.024402807 | Q28: 0.052716263 | R28: -0.031980113 | S28: 0.024472545 | T28: =SUM($F28:$S28) -> 0.24192241
D29: 12 | E29: December | F29: 0.076932174 | G29: -0.012219968 | H29: 0.35038402 | I29: 0.044674767 | J29: -0.0039923474 | K29: -0.10088701 | L29: -0.80397256 | M29: 0.012114081 | N29: -0.012041738 | O29: 0.10956308 | P29: 0.016213203 | Q29: 0.03230251 | R29: -0.088343705 | S29: 0.016264958 | T29: =SUM($F29:$S29) -> -0.36300853
D30: 1 | E30: January | F30: 0.20818127 | G30: 0.057109204 | H30: 0.14256113 | I30: 0.036320206 | J30: -0.051927283 | K30: -0.017072031 | L30: -0.31332689 | M30: 0.0080618443 | N30: -0.036214631 | O30: 0.12015271 | P30: 0.0040441304 | Q30: 0.032165418 | R30: 0.024397672 | S30: 0.040579368 | T30: =SUM($F30:$S30) -> 0.25503212
D31: 2 | E31: February | F31: 0.0077676829 | G31: -0.12560617 | H31: -0.69876388 | I31: 0.108398 | J31: -0.36996582 | K31: 0.4664034 | L31: -0.090228244 | M31: -0.012078598 | N31: -0.048647418 | O31: 0.063168173 | P31: 0.02829291 | Q31: 0.055874498 | R31: -0.0081046744 | S31: 0.056522588 | T31: =SUM($F31:$S31) -> -0.56696755
D32: 3 | E32: March | F32: 0.0038793824 | G32: 0 | H32: 0 | I32: 0 | J32: -0.0042230938 | K32: 0 | L32: 0 | M32: 0.0040332877 | N32: 0 | O32: 0 | P32: 0 | Q32: 0 | R32: 0 | S32: 0.0040088241 | T32: =SUM($F32:$S32) -> 0.0076984004
D33: 4 | E33: April | F33: -0.038771567 | G33: 0.069921402 | H33: -0.24477144 | I33: 0.047441987 | J33: -0.20281909 | K33: 0.25999876 | L33: 0.086933536 | M33: 0.092711209 | N33: 0.053232366 | O33: 0.13321977 | P33: 0.024155481 | Q33: 0.023870792 | R33: 0.028398816 | S33: 0.044074839 | T33: =SUM($F33:$S33) -> 0.37759686
D34: 5 | E34: May | F34: -0.0038995292 | G34: 0.18764453 | H34: 0.13098455 | I34: 0.054976265 | J34: -0.22562914 | K34: -0.18096402 | L34: 0.26635971 | M34: 0.083522666 | N34: 0.060758767 | O34: 0.21210253 | P34: 0.020061791 | Q34: 0.023795845 | R34: 0.052530297 | S34: 0.015938844 | T34: =SUM($F34:$S34) -> 0.69818311
T36: =MAX(T23:T34) -> 0.9200084
G38: Index | H38: Month | I38: Average of Overall contribution
G39: 1 | H39: January | I39: 0.25503212
G40: 2 | H40: February | I40: -0.56696755
G41: 3 | H41: March | I41: 0.0076984004
G42: 4 | H42: April | I42: 0.37759686
G43: 5 | H43: May | I43: 0.69818311
G44: 6 | H44: June | I44: 0.9200084
G45: 7 | H45: July | I45: 0.23307877
G46: 8 | H46: August | I46: 0.18727552
G47: 9 | H47: September | I47: 0.53793709
G48: 10 | H48: October | I48: 0.67052522
G49: 11 | H49: November | I49: 0.24192241
G50: 12 | H50: December | I50: -0.36300853

Sheet Que5 Correlation MOM
A1: Year | B1: Month | C1: Index | D1: Food | E1: Food Inflamtion | F1: Fuel and light | G1: Fuel and light Inflamtion | H1: Transport and communication | I1: Transport and communication Inflamation | J1: General index | K1: General index Inflamation | L1: Crude Oil | M1: Crude Oil Inflamation | O1: Food Correlation | Q1: Fuel and light correlation | S1: Transport correlation | U1: General CPI Correlation
A2: 2021 | B2: January | C2: 1 | D2: 2263 | E2: -1.3728481 | F2: 147.9 | G2: 2.2821577 | H2: 141.9 | I2: 0.85287846 | J2: 157.3 | K2: -1.0069226 | L2: 3801.881 | M2: 9.8144001 | O2: =CORREL(E:E,M:M) -> 0.050927959 | Q2: =CORREL(G:G,M:M) -> 0.17270597 | S2: =CORREL(I:I,M:M) -> 0.16914499 | U2: =CORREL(K:K,M:M) -> 0.053149553
A3: 2021 | B3: February | C3: 2 | D3: 2227.6 | E3: -1.5642952 | F3: 152.4 | G3: 3.0425963 | H3: 145.1 | I3: 2.2551092 | J3: 156.6 | K3: -0.44500954 | L3: 4297.7902 | M3: 13.043788
A4: 2021 | B4: March | C4: 3 | D4: 2227.5 | E4: -0.0044891363 | F4: 155.5 | G4: 2.0341207 | H4: 146.2 | I4: 0.75809786 | J4: 156.8 | K4: 0.12771392 | L4: 4538.3855 | M4: 5.5981159
A5: 2021 | B5: April | C5: 4 | D5: 2252.9 | E5: 1.1402918 | F5: 155.6 | G5: 0.064308682 | H5: 146.6 | I5: 0.27359781 | J5: 157.8 | K5: 0.6377551 | L5: 4599.6381 | M5: 1.3496562
A6: 2021 | B6: May | C6: 5 | D6: 2297.6 | E6: 1.9841094 | F6: 159.4 | G6: 2.4421594 | H6: 148.9 | I6: 1.568895 | J6: 160.4 | K6: 1.6476553 | L6: 4769.3796 | M6: 3.6903217 | O6: There is very weak correlation between the Food and Crude oil. Increase in food prices do not influence Crude Oil.
A7: 2021 | B7: June | C7: 6 | D7: 2324.7 | E7: 1.1794916 | F7: 159.8 | G7: 0.25094103 | H7: 150.7 | I7: 1.208865 | J7: 161.3 | K7: 0.56109726 | L7: 5252.666 | M7: 10.13311 | O7: There is also a very weak correlation between General CPI and Crude Oil. Means changes in either factors do not influence the other.
A8: 2021 | B8: July | C8: 7 | D8: 2338.2 | E8: 0.58072009 | F8: 160.7 | G8: 0.56320401 | H8: 153.1 | I8: 1.592568 | J8: 162.5 | K8: 0.74395536 | L8: 5402.1492 | M8: 2.8458537 | O8: There is weak Correlation between Fuel and light and Crude Oil. Changes in either factors do not influence the other.
A9: 2021 | B9: August | C9: 8 | D9: 2334.1 | E9: -0.17534856 | F9: 162.6 | G9: 1.1823273 | H9: 154 | I9: 0.58785108 | J9: 163.2 | K9: 0.43076923 | L9: 5020.3477 | M9: -7.0675851 | O9: There is also a weak correlation between Transport and Communication and Crude Oil. Means changes in either factors do not influence the other.
A10: 2021 | B10: September | C10: 9 | D10: 2334.1 | E10: 0 | F10: 162.6 | G10: 0 | H10: 154 | I10: 0 | J10: 163.2 | K10: 0 | L10: 5274.7688 | M10: 5.0677978
A11: 2021 | B11: October | C11: 10 | D11: 2368.2 | E11: 1.4609485 | F11: 164.2 | G11: 0.98400984 | H11: 155.7 | I11: 1.1038961 | J11: 165.5 | K11: 1.4093137 | L11: 6107.2868 | M11: 15.783025
A12: 2021 | B12: November | C12: 11 | D12: 2387 | E12: 0.79385187 | F12: 163.9 | G12: -0.18270402 | H12: 154.8 | I12: -0.57803468 | J12: 166.7 | K12: 0.72507553 | L12: 5895.7936 | M12: -3.4629663
A13: 2021 | B13: December | C13: 12 | D13: 2373.3 | E13: -0.57394219 | F13: 164.1 | G13: 0.12202563 | H13: 155.7 | I13: 0.58139535 | J13: 166.2 | K13: -0.29994001 | L13: 5403.8879 | M13: -8.3433327
A14: 2022 | B14: January | C14: 1 | D14: 2356.4 | E14: -0.71208865 | F14: 164.2 | G14: 0.060938452 | H14: 156.5 | I14: 0.51380861 | J14: 165.7 | K14: -0.30084236 | L14: 6193.7079 | M14: 14.615774
A15: 2022 | B15: February | C15: 2 | D15: 2354 | E15: -0.10185028 | F15: 165.7 | G15: 0.9135201 | H15: 156.9 | I15: 0.25559105 | J15: 166.1 | K15: 0.24140012 | L15: 6869.3527 | M15: 10.908567
A16: 2022 | B16: March | C16: 3 | D16: 2377.9 | E16: 1.0152931 | F16: 167.2 | G16: 0.90525045 | H16: 157.9 | I16: 0.63734863 | J16: 167.7 | K16: 0.96327514 | L16: 8269.7851 | M16: 20.386671
A17: 2022 | B17: April | C17: 4 | D17: 2408.2 | E17: 1.2742336 | F17: 172.2 | G17: 2.9904306 | H17: 162.6 | I17: 2.9765674 | J17: 170.1 | K17: 1.431127 | L17: 7756.5811 | M17: -6.2057718
A18: 2022 | B18: May | C18: 5 | D18: 2433 | E18: 1.0298148 | F18: 174.6 | G18: 1.3937282 | H18: 163 | I18: 0.24600246 | J18: 171.7 | K18: 0.94062316 | L18: 8470.3164 | M18: 9.2016735
A19: 2022 | B19: June | C19: 6 | D19: 2456.2 | E19: 0.95355528 | F19: 176 | G19: 0.80183276 | H19: 161.1 | I19: -1.1656442 | J19: 172.6 | K19: 0.52417006 | L19: 8967.5998 | M19: 5.8708958
A20: 2022 | B20: July | C20: 7 | D20: 2460.9 | E20: 0.1913525 | F20: 179.6 | G20: 2.0454545 | H20: 161.6 | I20: 0.31036623 | J20: 173.4 | K20: 0.46349942 | L20: 8084.4807 | M20: -9.847887
A21: 2022 | B21: August | C21: 8 | D21: 2464.2 | E21: 0.13409728 | F21: 178.8 | G21: -0.4454343 | H21: 161.9 | I21: 0.18564356 | J21: 174.3 | K21: 0.51903114 | L21: 7448.1008 | M21: -7.8716237
... A30: 2023 | B30: May | C30: 5 | D30: 2507.9 | E30: 0.71078628 | F30: 182.8 | G30: 0.60539351 | H30: 164.8 | I30: 0.18237082 | J30: 179.1 | K30: 0.56148231 | L30: 5890.6948 | M30: -9.5166421

Sheet Que5 MOMAnalysis 
A1: Year | B1: Month | C1: Index | D1: Food and Beverages | E1: Fuel and Light | F1: Transport and communication | G1: General index | H1: Crude Oil Inflamation | K1: Year | L1: Index | M1: Month | N1: Average of Food and Beverages | P1: Year | Q1: Index | R1: Month | S1: Average of Fuel and Light | V1: Year | W1: Index | X1: Month | Y1: Average of Transport and communication | AA1: Year | AB1: Index | AC1: Month | AD1: Average of General index | AF1: Year | AG1: Index | AH1: Month | AI1: Average of Crude Oil Inflamation
A2: 2021 | B2: January | C2: 1 | D2: -1.3728481 | E2: 2.2821577 | F2: 0.85287846 | G2: -1.0069226 | H2: 9.8144001 | K2: 2021 | L2: 1 | M2: January | N2: -1.3728481 | P2: 2021 | Q2: 1 | R2: January | S2: 2.2821577 | V2: 2021 | W2: 1 | X2: January | Y2: 0.85287846 | AA2: 2021 | AB2: 1 | AC2: January | AD2: -1.0069226 | AF2: 2021 | AG2: 1 | AH2: January | AI2: 9.8144001
A3: 2021 | B3: February | C3: 2 | D3: -1.5642952 | E3: 3.0425963 | F3: 2.2551092 | G3: -0.44500954 | H3: 13.043788 | L3: 2 | M3: February | N3: -1.5642952 | Q3: 2 | R3: February | S3: 3.0425963 | W3: 2 | X3: February | Y3: 2.2551092 | AB3: 2 | AC3: February | AD3: -0.44500954 | AG3: 2 | AH3: February | AI3: 13.043788
A4: 2021 | B4: March | C4: 3 | D4: -0.0044891363 | E4: 2.0341207 | F4: 0.75809786 | G4: 0.12771392 | H4: 5.5981159 | L4: 3 | M4: March | N4: -0.0044891363 | Q4: 3 | R4: March | S4: 2.0341207 | W4: 3 | X4: March | Y4: 0.75809786 | AB4: 3 | AC4: March | AD4: 0.12771392 | AG4: 3 | AH4: March | AI4: 5.5981159
A5: 2021 | B5: April | C5: 4 | D5: 1.1402918 | E5: 0.064308682 | F5: 0.27359781 | G5: 0.6377551 | H5: 1.3496562 | L5: 4 | M5: April | N5: 1.1402918 | Q5: 4 | R5: April | S5: 0.064308682 | W5: 4 | X5: April | Y5: 0.27359781 | AB5: 4 | AC5: April | AD5: 0.6377551 | AG5: 4 | AH5: April | AI5: 1.3496562
A6: 2021 | B6: May | C6: 5 | D6: 1.9841094 | E6: 2.4421594 | F6: 1.568895 | G6: 1.6476553 | H6: 3.6903217 | L6: 5 | M6: May | N6: 1.9841094 | Q6: 5 | R6: May | S6: 2.4421594 | W6: 5 | X6: May | Y6: 1.568895 | AB6: 5 | AC6: May | AD6: 1.6476553 | AG6: 5 | AH6: May | AI6: 3.6903217
A7: 2021 | B7: June | C7: 6 | D7: 1.1794916 | E7: 0.25094103 | F7: 1.208865 | G7: 0.56109726 | H7: 10.13311 | L7: 6 | M7: June | N7: 1.1794916 | Q7: 6 | R7: June | S7: 0.25094103 | W7: 6 | X7: June | Y7: 1.208865 | AB7: 6 | AC7: June | AD7: 0.56109726 | AG7: 6 | AH7: June | AI7: 10.13311
A8: 2021 | B8: July | C8: 7 | D8: 0.58072009 | E8: 0.56320401 | F8: 1.592568 | G8: 0.74395536 | H8: 2.8458537 | L8: 7 | M8: July | N8: 0.58072009 | Q8: 7 | R8: July | S8: 0.56320401 | W8: 7 | X8: July | Y8: 1.592568 | AB8: 7 | AC8: July | AD8: 0.74395536 | AG8: 7 | AH8: July | AI8: 2.8458537
A9: 2021 | B9: August | C9: 8 | D9: -0.17534856 | E9: 1.1823273 | F9: 0.58785108 | G9: 0.43076923 | H9: -7.0675851 | L9: 8 | M9: August | N9: -0.17534856 | Q9: 8 | R9: August | S9: 1.1823273 | W9: 8 | X9: August | Y9: 0.58785108 | AB9: 8 | AC9: August | AD9: 0.43076923 | AG9: 8 | AH9: August | AI9: -7.0675851
A10: 2021 | B10: September | C10: 9 | D10: 0 | E10: 0 | F10: 0 | G10: 0 | H10: 5.0677978 | L10: 9 | M10: September | N10: 0 | Q10: 9 | R10: September | S10: 0 | W10: 9 | X10: September | Y10: 0 | AB10: 9 | AC10: September | AD10: 0 | AG10: 9 | AH10: September | AI10: 5.0677978
A11: 2021 | B11: October | C11: 10 | D11: 1.4609485 | E11: 0.98400984 | F11: 1.1038961 | G11: 1.4093137 | H11: 15.783025 | L11: 10 | M11: October | N11: 1.4609485 | Q11: 10 | R11: October | S11: 0.98400984 | W11: 10 | X11: October | Y11: 1.1038961 | AB11: 10 | AC11: October | AD11: 1.4093137 | AG11: 10 | AH11: October | AI11: 15.783025
A12: 2021 | B12: November | C12: 11 | D12: 0.79385187 | E12: -0.18270402 | F12: -0.57803468 | G12: 0.72507553 | H12: -3.4629663 | L12: 11 | M12: November | N12: 0.79385187 | Q12: 11 | R12: November | S12: -0.18270402 | W12: 11 | X12: November | Y12: -0.57803468 | AB12: 11 | AC12: November | AD12: 0.72507553 | AG12: 11 | AH12: November | AI12: -3.4629663
A13: 2021 | B13: December | C13: 12 | D13: -0.57394219 | E13: 0.12202563 | F13: 0.58139535 | G13: -0.29994001 | H13: -8.3433327 | L13: 12 | M13: December | N13: -0.57394219 | Q13: 12 | R13: December | S13: 0.12202563 | W13: 12 | X13: December | Y13: 0.58139535 | AB13: 12 | AC13: December | AD13: -0.29994001 | AG13: 12 | AH13: December | AI13: -8.3433327
A14: 2022 | B14: January | C14: 1 | D14: -0.71208865 | E14: 0.060938452 | F14: 0.51380861 | G14: -0.30084236 | H14: 14.615774 | K14: 2022 | L14: 1 | M14: January | N14: -0.71208865 | P14: 2022 | Q14: 1 | R14: January | S14: 0.060938452 | V14: 2022 | W14: 1 | X14: January | Y14: 0.51380861 | AA14: 2022 | AB14: 1 | AC14: January | AD14: -0.30084236 | AF14: 2022 | AG14: 1 | AH14: January | AI14: 14.615774
A15: 2022 | B15: February | C15: 2 | D15: -0.10185028 | E15: 0.9135201 | F15: 0.25559105 | G15: 0.24140012 | H15: 10.908567 | L15: 2 | M15: February | N15: -0.10185028 | Q15: 2 | R15: February | S15: 0.9135201 | W15: 2 | X15: February | Y15: 0.25559105 | AB15: 2 | AC15: February | AD15: 0.24140012 | AG15: 2 | AH15: February | AI15: 10.908567
A16: 2022 | B16: March | C16: 3 | D16: 1.0152931 | E16: 0.90525045 | F16: 0.63734863 | G16: 0.96327514 | H16: 20.386671 | L16: 3 | M16: March | N16: 1.0152931 | Q16: 3 | R16: March | S16: 0.90525045 | W16: 3 | X16: March | Y16: 0.63734863 | AB16: 3 | AC16: March | AD16: 0.96327514 | AG16: 3 | AH16: March | AI16: 20.386671
A17: 2022 | B17: April | C17: 4 | D17: 1.2742336 | E17: 2.9904306 | F17: 2.9765674 | G17: 1.431127 | H17: -6.2057718 | L17: 4 | M17: April | N17: 1.2742336 | Q17: 4 | R17: April | S17: 2.9904306 | W17: 4 | X17: April | Y17: 2.9765674 | AB17: 4 | AC17: April | AD17: 1.431127 | AG17: 4 | AH17: April | AI17: -6.2057718
A18: 2022 | B18: May | C18: 5 | D18: 1.0298148 | E18: 1.3937282 | F18: 0.24600246 | G18: 0.94062316 | H18: 9.2016735 | L18: 5 | M18: May | N18: 1.0298148 | Q18: 5 | R18: May | S18: 1.3937282 | W18: 5 | X18: May | Y18: 0.24600246 | AB18: 5 | AC18: May | AD18: 0.94062316 | AG18: 5 | AH18: May | AI18: 9.2016735
A19: 2022 | B19: June | C19: 6 | D19: 0.95355528 | E19: 0.80183276 | F19: -1.1656442 | G19: 0.52417006 | H19: 5.8708958 | L19: 6 | M19: June | N19: 0.95355528 | Q19: 6 | R19: June | S19: 0.80183276 | W19: 6 | X19: June | Y19: -1.1656442 | AB19: 6 | AC19: June | AD19: 0.52417006 | AG19: 6 | AH19: June | AI19: 5.8708958
A20: 2022 | B20: July | C20: 7 | D20: 0.1913525 | E20: 2.0454545 | F20: 0.31036623 | G20: 0.46349942 | H20: -9.847887 | L20: 7 | M20: July | N20: 0.1913525 | Q20: 7 | R20: July | S20: 2.0454545 | W20: 7 | X20: July | Y20: 0.31036623 | AB20: 7 | AC20: July | AD20: 0.46349942 | AG20: 7 | AH20: July | AI20: -9.847887
A21: 2022 | B21: August | C21: 8 | D21: 0.13409728 | E21: -0.4454343 | F21: 0.18564356 | G21: 0.51903114 | H21: -7.8716237 | L21: 8 | M21: August | N21: 0.13409728 | Q21: 8 | R21: August | S21: -0.4454343 | W21: 8 | X21: August | Y21: 0.18564356 | AB21: 8 | AC21: August | AD21: 0.51903114 | AG21: 8 | AH21: August | AI21: -7.8716237
A22: 2022 | B22: September | C22: 9 | D22: 0.51132213 | E22: 0.39149888 | F22: 0.24706609 | G22: 0.57372347 | H22: -9.2291488 | L22: 9 | M22: September | N22: 0.51132213 | Q22: 9 | R22: September | S22: 0.39149888 | W22: 9 | X22: September | Y22: 0.24706609 | AB22: 9 | AC22: September | AD22: 0.57372347 | AG22: 9 | AH22: September | AI22: -9.2291488
A23: 2022 | B23: October | C23: 10 | D23: 0.67829457 | E23: 0.55710306 | F23: 0.36968577 | G23: 0.79863092 | H23: 6.5670192 | L23: 10 | M23: October | N23: 0.67829457 | Q23: 10 | R23: October | S23: 0.55710306 | W23: 10 | X23: October | Y23: 0.36968577 | AB23: 10 | AC23: October | AD23: 0.79863092 | AG23: 10 | AH23: October | AI23: 6.5670192
A24: 2022 | B24: November | C24: 11 | D24: 0.0040102663 | E24: 0.4432133 | F24: 0.061387354 | G24: -0.11318619 | H24: -4.440986 | L24: 11 | M24: November | N24: 0.0040102663 | Q24: 11 | R24: November | S24: 0.4432133 | W24: 11 | X24: November | Y24: 0.061387354 | AB24: 11 | AC24: November | AD24: -0.11318619 | AG24: 11 | AH24: November | AI24: -4.440986
A25: 2022 | B25: December | C25: 12 | D25: -0.52131371 | E25: 0.38610039 | F25: 0.24539877 | G25: -0.45325779 | H25: -8.4325224 | L25: 12 | M25: December | N25: -0.52131371 | Q25: 12 | R25: December | S25: 0.38610039 | W25: 12 | X25: December | Y25: 0.24539877 | AB25: 12 | AC25: December | AD25: -0.45325779 | AG25: 12 | AH25: December | AI25: -8.4325224
A26: 2023 | B26: January | C26: 1 | D26: 0.41117427 | E26: 0 | F26: 0.12239902 | G26: 0.45532157 | H26: 1.3004103 | K26: 2023 | L26: 1 | M26: January | N26: 0.41117427 | P26: 2023 | Q26: 1 | R26: January | S26: 0 | V26: 2023 | W26: 1 | X26: January | Y26: 0.12239902 | AA26: 2023 | AB26: 1 | AC26: January | AD26: 0.45532157 | AF26: 2023 | AG26: 1 | AH26: January | AI26: 1.3004103
A27: 2023 | B27: February | C27: 2 | D27: -0.49379742 | E27: 0.054945055 | F27: 0.36674817 | G27: 0.39660057 | H27: -0.62052376 | L27: 2 | M27: February | N27: -0.49379742 | Q27: 2 | R27: February | S27: 0.054945055 | W27: 2 | X27: February | Y27: 0.36674817 | AB27: 2 | AC27: February | AD27: 0.39660057 | AG27: 2 | AH27: February | AI27: -0.62052376
A28: 2023 | B28: March | C28: 3 | D28: 0.0040345356 | E28: -0.10982976 | F28: 0 | G28: 0 | H28: -5.0310484 | L28: 3 | M28: March | N28: 0.0040345356 | Q28: 3 | R28: March | S28: -0.10982976 | W28: 3 | X28: March | Y28: 0 | AB28: 3 | AC28: March | AD28: 0 | AG28: 3 | AH28: March | AI28: -5.0310484
A29: 2023 | B29: April | C29: 4 | D29: 0.46395288 | E29: -0.10995052 | F29: 0.18270402 | G29: 0.50790068 | H29: 8.0141311 | L29: 4 | M29: April | N29: 0.46395288 | Q29: 4 | R29: April | S29: -0.10995052 | W29: 4 | X29: April | Y29: 0.18270402 | AB29: 4 | AC29: April | AD29: 0.50790068 | AG29: 4 | AH29: April | AI29: 8.0141311
A30: 2023 | B30: May | C30: 5 | D30: 0.71078628 | E30: 0.60539351 | F30: 0.18237082 | G30: 0.56148231 | H30: -9.5166421 | L30: 5 | M30: May | N30: 0.71078628 | Q30: 5 | R30: May | S30: 0.60539351 | W30: 5 | X30: May | Y30: 0.18237082 | AB30: 5 | AC30: May | AD30: 0.56148231 | AG30: 5 | AH30: May | AI30: -9.5166421

Sheet Que5 MOM Inflamation
A1: Year | B1: Month | C1: Index | D1: Food | E1: Food Inflamtion | F1: Fuel and light | G1: Fuel and light Inflamtion | H1: Transport and communication | I1: Transport and communication Inflamation | J1: General index | K1: General index Inflamation | L1: Crude Oil | M1: Crude Oil Inflamation
A2: 2020 | B2: December | C2: 12 | D2: 2294.5 | F2: 144.6 | H2: 140.7 | J2: 158.9 | L2: 3462.0969
A3: 2021 | B3: January | C3: 1 | D3: 2263 | E3: =((D3-D2)/D2)*100 -> -1.3728481 | F3: 147.9 | G3: =((F3-F2)/F2)*100 -> 2.2821577 | H3: 141.9 | I3: =((H3-H2)/H2)*100 -> 0.85287846 | J3: 157.3 | K3: =((J3-J2)/J2)*100 -> -1.0069226 | L3: 3801.881 | M3: =((L3-L2)/L2)*100 -> 9.8144001
A4: 2021 | B4: February | C4: 2 | D4: 2227.6 | E4: =((D4-D3)/D3)*100 -> -1.5642952 | F4: 152.4 | G4: =((F4-F3)/F3)*100 -> 3.0425963 | H4: 145.1 | I4: =((H4-H3)/H3)*100 -> 2.2551092 | J4: 156.6 | K4: =((J4-J3)/J3)*100 -> -0.44500954 | L4: 4297.7902 | M4: =((L4-L3)/L3)*100 -> 13.043788
A5: 2021 | B5: March | C5: 3 | D5: 2227.5 | E5: =((D5-D4)/D4)*100 -> -0.0044891363 | F5: 155.5 | G5: =((F5-F4)/F4)*100 -> 2.0341207 | H5: 146.2 | I5: =((H5-H4)/H4)*100 -> 0.75809786 | J5: 156.8 | K5: =((J5-J4)/J4)*100 -> 0.12771392 | L5: 4538.3855 | M5: =((L5-L4)/L4)*100 -> 5.5981159
A6: 2021 | B6: April | C6: 4 | D6: 2252.9 | E6: =((D6-D5)/D5)*100 -> 1.1402918 | F6: 155.6 | G6: =((F6-F5)/F5)*100 -> 0.064308682 | H6: 146.6 | I6: =((H6-H5)/H5)*100 -> 0.27359781 | J6: 157.8 | K6: =((J6-J5)/J5)*100 -> 0.6377551 | L6: 4599.6381 | M6: =((L6-L5)/L5)*100 -> 1.3496562
A7: 2021 | B7: May | C7: 5 | D7: 2297.6 | E7: =((D7-D6)/D6)*100 -> 1.9841094 | F7: 159.4 | G7: =((F7-F6)/F6)*100 -> 2.4421594 | H7: 148.9 | I7: =((H7-H6)/H6)*100 -> 1.568895 | J7: 160.4 | K7: =((J7-J6)/J6)*100 -> 1.6476553 | L7: 4769.3796 | M7: =((L7-L6)/L6)*100 -> 3.6903217
A8: 2021 | B8: June | C8: 6 | D8: 2324.7 | E8: =((D8-D7)/D7)*100 -> 1.1794916 | F8: 159.8 | G8: =((F8-F7)/F7)*100 -> 0.25094103 | H8: 150.7 | I8: =((H8-H7)/H7)*100 -> 1.208865 | J8: 161.3 | K8: =((J8-J7)/J7)*100 -> 0.56109726 | L8: 5252.666 | M8: =((L8-L7)/L7)*100 -> 10.13311
A9: 2021 | B9: July | C9: 7 | D9: 2338.2 | E9: =((D9-D8)/D8)*100 -> 0.58072009 | F9: 160.7 | G9: =((F9-F8)/F8)*100 -> 0.56320401 | H9: 153.1 | I9: =((H9-H8)/H8)*100 -> 1.592568 | J9: 162.5 | K9: =((J9-J8)/J8)*100 -> 0.74395536 | L9: 5402.1492 | M9: =((L9-L8)/L8)*100 -> 2.8458537
A10: 2021 | B10: August | C10: 8 | D10: 2334.1 | E10: =((D10-D9)/D9)*100 -> -0.17534856 | F10: 162.6 | G10: =((F10-F9)/F9)*100 -> 1.1823273 | H10: 154 | I10: =((H10-H9)/H9)*100 -> 0.58785108 | J10: 163.2 | K10: =((J10-J9)/J9)*100 -> 0.43076923 | L10: 5020.3477 | M10: =((L10-L9)/L9)*100 -> -7.0675851
A11: 2021 | B11: September | C11: 9 | D11: 2334.1 | E11: =((D11-D10)/D10)*100 -> 0 | F11: 162.6 | G11: =((F11-F10)/F10)*100 -> 0 | H11: 154 | I11: =((H11-H10)/H10)*100 -> 0 | J11: 163.2 | K11: =((J11-J10)/J10)*100 -> 0 | L11: 5274.7688 | M11: =((L11-L10)/L10)*100 -> 5.0677978
A12: 2021 | B12: October | C12: 10 | D12: 2368.2 | E12: =((D12-D11)/D11)*100 -> 1.4609485 | F12: 164.2 | G12: =((F12-F11)/F11)*100 -> 0.98400984 | H12: 155.7 | I12: =((H12-H11)/H11)*100 -> 1.1038961 | J12: 165.5 | K12: =((J12-J11)/J11)*100 -> 1.4093137 | L12: 6107.2868 | M12: =((L12-L11)/L11)*100 -> 15.783025
A13: 2021 | B13: November | C13: 11 | D13: 2387 | E13: =((D13-D12)/D12)*100 -> 0.79385187 | F13: 163.9 | G13: =((F13-F12)/F12)*100 -> -0.18270402 | H13: 154.8 | I13: =((H13-H12)/H12)*100 -> -0.57803468 | J13: 166.7 | K13: =((J13-J12)/J12)*100 -> 0.72507553 | L13: 5895.7936 | M13: =((L13-L12)/L12)*100 -> -3.4629663
A14: 2021 | B14: December | C14: 12 | D14: 2373.3 | E14: =((D14-D13)/D13)*100 -> -0.57394219 | F14: 164.1 | G14: =((F14-F13)/F13)*100 -> 0.12202563 | H14: 155.7 | I14: =((H14-H13)/H13)*100 -> 0.58139535 | J14: 166.2 | K14: =((J14-J13)/J13)*100 -> -0.29994001 | L14: 5403.8879 | M14: =((L14-L13)/L13)*100 -> -8.3433327
... A31: 2023 | B31: May | C31: 5 | D31: 2507.9 | E31: =((D31-D30)/D30)*100 -> 0.71078628 | F31: 182.8 | G31: =((F31-F30)/F30)*100 -> 0.60539351 | H31: 164.8 | I31: =((H31-H30)/H30)*100 -> 0.18237082 | J31: 179.1 | K31: =((J31-J30)/J30)*100 -> 0.56148231 | L31: 5890.6948 | M31: =((L31-L30)/L30)*100 -> -9.5166421

Sheet Que5 YOY
A1: Year | B1: Month | C1: Index | D1: Food Inflamation | E1: Fuel and light Inflamation | F1: Transport and communication Inflamation | G1: General CPI Inflamation | H1: Crude Oil Inflamation | K1: Year | L1: Index | M1: Month | N1: Average of Food Inflamation | P1: Year | Q1: Index | R1: Month | S1: Average of Fuel and light Inflamation | U1: Year | V1: Index | W1: Month | X1: Average of Transport and communication Inflamation | Z1: Year | AA1: Index | AB1: Month | AC1: Average of General CPI Inflamation | AE1: Year | AF1: Index | AG1: Month | AH1: Average of Crude Oil Inflamation
A2: 2021 | B2: January | C2: 1 | D2: 7.2715207 | E2: 2.2821577 | F2: 8.4033613 | G2: 4.7270306 | H2: -7.2559921 | K2: 2021 | L2: 1 | M2: January | N2: 7.2715207 | P2: 2021 | Q2: 1 | R2: January | S2: 2.2821577 | U2: 2021 | V2: 1 | W2: January | X2: 8.4033613 | Z2: 2021 | AA2: 1 | AB2: January | AC2: 4.7270306 | AE2: 2021 | AF2: 1 | AG2: January | AH2: -7.2559921
A3: 2021 | B3: February | C3: 2 | D3: 7.0086948 | E3: 3.5326087 | F3: 11.358404 | G3: 5.0301811 | H3: 18.873326 | L3: 2 | M3: February | N3: 7.0086948 | Q3: 2 | R3: February | S3: 3.5326087 | V3: 2 | W3: February | X3: 11.358404 | AA3: 2 | AB3: February | AC3: 5.0301811 | AF3: 2 | AG3: February | AH3: 18.873326
A4: 2021 | B4: March | C4: 3 | D4: 7.785735 | E4: 4.432505 | F4: 12.548114 | G4: 5.5181696 | H4: 108.36994 | L4: 3 | M4: March | N4: 7.785735 | Q4: 3 | R4: March | S4: 4.432505 | V4: 3 | W4: March | X4: 12.548114 | AA4: 3 | AB4: March | AC4: 5.5181696 | AF4: 3 | AG4: March | AH4: 108.36994
A5: 2021 | B5: April | C5: 4 | D5: 6.2839081 | E5: 7.980569 | F5: 12.769231 | G5: 5.9060403 | H5: 264.83271 | L5: 4 | M5: April | N5: 6.2839081 | Q5: 4 | R5: April | S5: 7.980569 | V5: 4 | W5: April | X5: 12.769231 | AA5: 4 | AB5: April | AC5: 5.9060403 | AF5: 4 | AG5: April | AH5: 264.83271
A6: 2021 | B6: May | C6: 5 | D6: 9.7754419 | E6: 8.4353741 | F6: 14.538462 | G6: 7.6510067 | H6: 120.67418 | L6: 5 | M6: May | N6: 9.7754419 | Q6: 5 | R6: May | S6: 8.4353741 | V6: 5 | W6: May | X6: 14.538462 | AA6: 5 | AB6: May | AC6: 7.6510067 | AF6: 5 | AG6: May | AH6: 120.67418
A7: 2021 | B7: June | C7: 6 | D7: 8.1104962 | E7: 12.614517 | F7: 11.62963 | G7: 6.2582345 | H7: 81.06689 | L7: 6 | M7: June | N7: 8.1104962 | Q7: 6 | R7: June | S7: 12.614517 | V7: 6 | W7: June | X7: 11.62963 | AA7: 6 | AB7: June | AC7: 6.2582345 | AF7: 6 | AG7: June | AH7: 81.06689
A8: 2021 | B8: July | C8: 7 | D8: 8.7383156 | E8: 13.248767 | F8: 13.407407 | G8: 7.0487484 | H8: 77.099177 | L8: 7 | M8: July | N8: 8.7383156 | Q8: 7 | R8: July | S8: 13.248767 | V8: 7 | W8: July | X8: 13.407407 | AA8: 7 | AB8: July | AC8: 7.0487484 | AF8: 7 | AG8: July | AH8: 77.099177
A9: 2021 | B9: August | C9: 8 | D9: 7.1769676 | E9: 13.706294 | F9: 11.191336 | G9: 6.042885 | H9: 59.008444 | L9: 8 | M9: August | N9: 7.1769676 | Q9: 8 | R9: August | S9: 13.706294 | V9: 8 | W9: August | X9: 11.191336 | AA9: 8 | AB9: August | AC9: 6.042885 | AF9: 8 | AG9: August | AH9: 59.008444
